context,direction,library,rank,term,p_value,adj_p_value,overlap_genes,matches_nominated_agent
renal medullary carcinoma,reversal,LINCS_L1000_Chem_Pert_down,1,LJP006 HME1 3H-BMS-387032-0.12,1.552152863452545e-15,1.214249185078926e-11,NR4A2;NR4A3;IL8;GADD45A;MAFF;CXCL2;DHRS2;HBEGF,
renal medullary carcinoma,reversal,LINCS_L1000_Chem_Pert_down,2,LJP006 HME1 3H-PF-562271-10,3.4145175552860707e-15,1.3355885417501466e-11,NR4A2;NR4A3;IL8;GADD45A;MAFF;CXCL1;ANGPTL4;HBEGF,
renal medullary carcinoma,reversal,LINCS_L1000_Chem_Pert_down,3,LJP006 HME1 3H-CGP-60474-0.37,1.935051233691727e-14,4.6156200199629917e-11,NR4A2;NR4A3;IL8;GADD45A;MAFF;ANGPTL4;CXCL2;HBEGF,
renal medullary carcinoma,reversal,LINCS_L1000_Chem_Pert_down,4,LJP006 HME1 3H-alvocidib-1.11,2.3600255758471134e-14,4.6156200199629917e-11,NR4A2;NR4A3;IL8;GADD45A;MAFF;CXCL1;CXCL2;HBEGF,
renal medullary carcinoma,reversal,LINCS_L1000_Chem_Pert_down,5,LJP005 HS578T 3H-TWS-119-10,4.9421665282106974e-14,7.732513750038457e-11,NR4A3;IL8;GADD45A;MAFF;CXCL1;DHRS2;HBEGF,
renal medullary carcinoma,reversal,LINCS_L1000_Chem_Pert_down,6,LJP006 HME1 3H-alvocidib-0.37,8.368284206467981e-14,8.930030457738144e-11,NR4A2;NR4A3;IL8;GADD45A;MAFF;CXCL1;CXCL2;HBEGF,
renal medullary carcinoma,reversal,LINCS_L1000_Chem_Pert_down,7,LJP006 HME1 3H-alvocidib-3.33,8.368284206467981e-14,8.930030457738144e-11,NR4A2;NR4A3;IL8;GADD45A;MAFF;CXCL1;CXCL2;HBEGF,
renal medullary carcinoma,reversal,LINCS_L1000_Chem_Pert_down,8,LJP006 MCF10A 3H-canertinib-1.11,9.132077676326876e-14,8.930030457738144e-11,NR4A2;NR4A3;IL8;MAFF;CXCL1;CXCL2;HBEGF,
renal medullary carcinoma,reversal,LINCS_L1000_Chem_Pert_down,9,LJP006 HME1 3H-canertinib-0.37,3.2221330313645347e-12,2.800749633818306e-09,NR4A2;IL8;MAFF;CXCL1;ANGPTL4;HBEGF,
renal medullary carcinoma,reversal,LINCS_L1000_Chem_Pert_down,10,LJP005 MCF10A 3H-trametinib-10,1.0211794902414892e-11,7.825191102516964e-09,NR4A2;CEACAM1;NR4A3;IL8;MAFF;HBEGF,
renal medullary carcinoma,reversal,LINCS_L1000_Chem_Pert_down,11,LJP006 HME1 3H-CGP-60474-0.12,1.1003080931571853e-11,7.825191102516964e-09,NR4A2;NR4A3;IL8;GADD45A;MAFF;CXCL2;HBEGF,
renal medullary carcinoma,reversal,LINCS_L1000_Chem_Pert_down,12,LJP006 HME1 3H-GSK-1059615-10,3.5842273009908554e-11,2.3366175146376215e-08,NR4A3;IL8;MAFF;CXCL1;CXCL2;HBEGF,
renal medullary carcinoma,reversal,LINCS_L1000_Chem_Pert_down,13,LJP006 HME1 3H-alvocidib-10,4.986362622894194e-11,2.742880685168667e-08,IL8;GADD45A;MAFF;CXCL1;CXCL2;HBEGF,
renal medullary carcinoma,reversal,LINCS_L1000_Chem_Pert_down,14,LJP006 MDAMB231 3H-alvocidib-3.33,4.986362622894194e-11,2.742880685168667e-08,NR4A2;IL8;GADD45A;MAFF;CXCL1;HBEGF,
renal medullary carcinoma,reversal,LINCS_L1000_Chem_Pert_down,15,LJP006 HME1 3H-AZD-7762-3.33,5.259262466768504e-11,2.742880685168667e-08,IL8;MAFF;CXCL1;CXCL2;DHRS2;HBEGF,
renal medullary carcinoma,reversal,LINCS_L1000_Chem_Pert_down,16,LJP005 HS578T 3H-WH-4-025-3.33,6.527255335893019e-11,3.191419905793193e-08,NR4A3;IL8;GADD45A;MAFF;HBEGF,
renal medullary carcinoma,reversal,LINCS_L1000_Chem_Pert_down,17,LJP006 HME1 3H-CGP-60474-10,7.170791633509404e-11,3.299829585232004e-08,NR4A3;IL8;MAFF;CXCL1;CXCL2;HBEGF,
renal medullary carcinoma,reversal,LINCS_L1000_Chem_Pert_down,18,LJP006 HME1 3H-dasatinib-3.33,9.627551564952967e-11,4.184240882923726e-08,IL8;GADD45A;MAFF;CXCL1;CXCL2;HBEGF,
renal medullary carcinoma,reversal,LINCS_L1000_Chem_Pert_down,19,LJP006 HME1 3H-BMS-387032-3.33,1.109636587445289e-10,4.56878264399184e-08,NR4A3;IL8;GADD45A;MAFF;CXCL2;HBEGF,
renal medullary carcinoma,reversal,LINCS_L1000_Chem_Pert_down,20,LJP006 HME1 3H-AS-605240-0.37,1.5019331102934326e-10,5.874811360912761e-08,NR4A2;NR4A3;IL8;CXCL1;HBEGF,
renal medullary carcinoma,reversal,LINCS_L1000_Chem_Pert_down,21,LJP006 HME1 3H-canertinib-10,1.6663660884197594e-10,6.20761043319418e-08,CEACAM1;IL8;MAFF;CXCL1;CXCL2;HBEGF,
renal medullary carcinoma,reversal,LINCS_L1000_Chem_Pert_down,22,LJP006 HME1 3H-CGP-60474-3.33,1.8172630619495575e-10,6.451818118454556e-08,NR4A3;IL8;GADD45A;MAFF;CXCL2;HBEGF,
renal medullary carcinoma,reversal,LINCS_L1000_Chem_Pert_down,23,LJP006 HME1 3H-A443654-1.11,1.8968658663486487e-10,6.451818118454556e-08,NR4A2;IL8;MAFF;CXCL1;CXCL2;HBEGF,
renal medullary carcinoma,reversal,LINCS_L1000_Chem_Pert_down,24,LJP006 MCF10A 3H-alvocidib-3.33,1.979344869816053e-10,6.451839548571242e-08,NR4A2;NR4A3;GADD45A;MAFF;CXCL1;HBEGF,
renal medullary carcinoma,reversal,LINCS_L1000_Chem_Pert_down,25,LJP006 HME1 3H-alvocidib-0.12,2.2448688861509045e-10,7.024643718543411e-08,NR4A3;IL8;GADD45A;MAFF;CXCL2;HBEGF,
renal medullary carcinoma,reversal,LINCS_L1000_Chem_Pert_down,26,LJP006 HME1 3H-BMS-387032-1.11,3.35309761474394e-10,1.0088954861593015e-07,NR4A2;IL8;GADD45A;MAFF;DHRS2;HBEGF,
renal medullary carcinoma,reversal,LINCS_L1000_Chem_Pert_down,27,LJP006 HME1 3H-CGP-60474-1.11,4.70713419550288e-10,1.3638485485710754e-07,NR4A3;IL8;GADD45A;MAFF;CXCL2;HBEGF,
renal medullary carcinoma,reversal,LINCS_L1000_Chem_Pert_down,28,LJP005 MCF10A 3H-PD-0325901-0.37,4.927627953595417e-10,1.376744052892034e-07,NR4A3;IL8;MAFF;DHRS2;HBEGF,
renal medullary carcinoma,reversal,LINCS_L1000_Chem_Pert_down,29,LJP006 MCF10A 3H-selumetinib-0.37,8.139767350935389e-10,2.1957724133230189e-07,CEACAM1;IL8;MAFF;CXCL1;HBEGF,
renal medullary carcinoma,reversal,LINCS_L1000_Chem_Pert_down,30,LJP006 MCF10A 3H-afatinib-0.12,1.5418213462498098e-09,4.0006091499800924e-07,NR4A2;IL8;MAFF;CXCL1;HBEGF,
renal medullary carcinoma,reversal,LINCS_L1000_Chem_Pert_down,31,LJP009 HEPG2 24H-KIN001-265-0.37,1.6364501188720817e-09,4.0006091499800924e-07,NR4A2;IL8;MAFF;CXCL1;HBEGF,
renal medullary carcinoma,reversal,LINCS_L1000_Chem_Pert_down,32,LJP006 HA1E 24H-HG-6-64-01-1.11,1.6364501188720817e-09,4.0006091499800924e-07,IL8;CXCL1;ANGPTL4;DHRS2;HBEGF,
renal medullary carcinoma,reversal,LINCS_L1000_Chem_Pert_down,33,LJP005 MCF10A 3H-pelitinib-0.37,1.735655166880777e-09,4.111767717760174e-07,CEACAM1;IL8;MAFF;CXCL1;HBEGF,
renal medullary carcinoma,reversal,LINCS_L1000_Chem_Pert_down,34,LJP009 HEPG2 24H-KIN001-265-0.12,1.839599515807313e-09,4.111767717760174e-07,CEACAM1;IL8;MAFF;CXCL1;DHRS2,
renal medullary carcinoma,reversal,LINCS_L1000_Chem_Pert_down,35,LJP005 MCF10A 3H-GDC-0980-10,1.839599515807313e-09,4.111767717760174e-07,IL8;MAFF;CXCL1;CXCL2;HBEGF,
renal medullary carcinoma,reversal,LINCS_L1000_Chem_Pert_down,36,LJP006 HME1 3H-KIN001-043-10,2.3061631856355248e-09,5.011420722562975e-07,NR4A3;IL8;MAFF;CXCL1;CXCL2,
renal medullary carcinoma,reversal,LINCS_L1000_Chem_Pert_down,37,LJP006 HME1 3H-A443654-3.33,2.4363827454071887e-09,5.151303301978496e-07,NR4A2;NR4A3;IL8;GADD45A;MAFF,
renal medullary carcinoma,reversal,LINCS_L1000_Chem_Pert_down,38,LJP006 MCF10A 3H-lapatinib-3.33,2.7144061615694034e-09,5.588105105778274e-07,NR4A2;IL8;MAFF;CXCL1;HBEGF,
renal medullary carcinoma,reversal,LINCS_L1000_Chem_Pert_down,39,LJP005 SKBR3 24H-PD-184352-10,2.9121206035881377e-09,5.75689601807021e-07,IL8;MAFF;FOS;DHRS2,
renal medullary carcinoma,reversal,LINCS_L1000_Chem_Pert_down,40,LJP006 HME1 3H-saracatinib-10,3.017163961918428e-09,5.75689601807021e-07,IL8;MAFF;CXCL1;CXCL2;HBEGF,
renal medullary carcinoma,reversal,LINCS_L1000_Chem_Pert_down,41,LJP006 MCF10A 3H-afatinib-10,3.017163961918428e-09,5.75689601807021e-07,NR4A3;IL8;MAFF;CXCL1;HBEGF,
renal medullary carcinoma,reversal,LINCS_L1000_Chem_Pert_down,42,LJP005 MDAMB231 3H-trametinib-0.12,3.5212040581817057e-09,6.406134731896623e-07,CEACAM1;IL8;MAFF;CXCL1;HBEGF,
renal medullary carcinoma,reversal,LINCS_L1000_Chem_Pert_down,43,LJP006 MCF10A 3H-canertinib-0.12,3.5212040581817057e-09,6.406134731896623e-07,IL8;MAFF;CXCL1;CXCL2;HBEGF,
renal medullary carcinoma,reversal,LINCS_L1000_Chem_Pert_down,44,LJP005 BT20 3H-dasatinib-10,5.553946957851696e-09,9.655228233616403e-07,NR4A3;IL8;MAFF;HBEGF,
renal medullary carcinoma,reversal,LINCS_L1000_Chem_Pert_down,45,LJP006 MCF10A 3H-GDC-0941-1.11,5.553946957851696e-09,9.655228233616403e-07,IL8;MAFF;CXCL1;HBEGF,
renal medullary carcinoma,reversal,LINCS_L1000_Chem_Pert_down,46,LJP006 MDAMB231 3H-BMS-387032-3.33,5.705192402184432e-09,9.702547861367134e-07,NR4A2;NR4A3;IL8;MAFF;HBEGF,
renal medullary carcinoma,reversal,LINCS_L1000_Chem_Pert_down,47,LJP006 MCF10A 3H-afatinib-0.04,7.142247282933131e-09,1.1888042658379977e-06,NR4A2;IL8;MAFF;CXCL1;HBEGF,
renal medullary carcinoma,reversal,LINCS_L1000_Chem_Pert_down,48,LJP005 BT20 3H-GSK-690693-0.04,7.821314645065316e-09,1.274711343090541e-06,NR4A3;IL8;MAFF;HBEGF,
renal medullary carcinoma,reversal,LINCS_L1000_Chem_Pert_down,49,LJP006 HME1 3H-BMS-387032-10,8.487959037921921e-09,1.35512864395231e-06,IL8;GADD45A;MAFF;ANGPTL4;CXCL2,
renal medullary carcinoma,reversal,LINCS_L1000_Chem_Pert_down,50,LJP006 HME1 3H-BMS-387032-0.37,1.0028382022056033e-08,1.569040651170887e-06,IL8;GADD45A;MAFF;CXCL1;CXCL2,
renal medullary carcinoma,reversal,LINCS_L1000_Chem_Pert_down,51,LJP006 HCC515 24H-OSI-027-3.33,1.0718862375719318e-08,1.6441894189265143e-06,NR4A2;CEACAM1;IL8;CXCL1,
renal medullary carcinoma,reversal,LINCS_L1000_Chem_Pert_down,52,LJP006 MCF10A 3H-GSK-1059615-10,1.2748693144036947e-08,1.9179428166500196e-06,NR4A2;IL8;MAFF;CXCL1;HBEGF,
renal medullary carcinoma,reversal,LINCS_L1000_Chem_Pert_down,53,LJP009 A375 24H-PD-0325901-3.33,1.3254210779418059e-08,1.9563715269318394e-06,NR4A2;IL8;MAFF;CXCL1;HBEGF,
renal medullary carcinoma,reversal,LINCS_L1000_Chem_Pert_down,54,LJP006 BT20 3H-A443654-10,1.5747666017241993e-08,2.2398907500524386e-06,IL8;GADD45A;MAFF;HBEGF,
renal medullary carcinoma,reversal,LINCS_L1000_Chem_Pert_down,55,LJP006 BT20 3H-afatinib-0.12,1.5747666017241993e-08,2.2398907500524386e-06,NR4A3;IL8;MAFF;HBEGF,
renal medullary carcinoma,reversal,LINCS_L1000_Chem_Pert_down,56,LJP006 MDAMB231 3H-CGP-60474-1.11,1.7899972043070596e-08,2.50056216594538e-06,NR4A2;IL8;GADD45A;MAFF;HBEGF,
renal medullary carcinoma,reversal,LINCS_L1000_Chem_Pert_down,57,LJP006 HME1 3H-AZD-7762-10,1.8561674478084883e-08,2.540900386747365e-06,IL8;GADD45A;MAFF;CXCL1;HBEGF,
renal medullary carcinoma,reversal,LINCS_L1000_Chem_Pert_down,58,LJP008 MCF7 24H-PD-0325901-3.33,1.8838325761389132e-08,2.540900386747365e-06,NR4A2;IL8;CXCL1;CXCL2,
renal medullary carcinoma,reversal,LINCS_L1000_Chem_Pert_down,59,LJP006 MCF10A 3H-alvocidib-0.37,2.1405997415876176e-08,2.838290131938972e-06,NR4A2;GADD45A;MAFF;CXCL1;HBEGF,
renal medullary carcinoma,reversal,LINCS_L1000_Chem_Pert_down,60,LJP006 MCF10A 3H-CGP-60474-0.12,2.8133292003116084e-08,3.6603664543214844e-06,NR4A2;NR4A3;IL8;GADD45A;MAFF,
renal medullary carcinoma,mimicry (control),LINCS_L1000_Chem_Pert_up,1,LJP005 MDAMB231 3H-LDN-193189-10,1.9489835724838835e-18,1.4067763426188671e-14,NR4A2;NR4A3;IL8;GADD45A;MAFF;CXCL1;FOS;CXCL2;HBEGF,
renal medullary carcinoma,mimicry (control),LINCS_L1000_Chem_Pert_up,2,LJP005 SKBR3 3H-LDN-193189-10,5.549996415144807e-17,2.0029937062257608e-13,NR4A2;NR4A3;IL8;GADD45A;MAFF;CXCL1;FOS;CXCL2;HBEGF,
renal medullary carcinoma,mimicry (control),LINCS_L1000_Chem_Pert_up,3,LJP005 MCF10A 3H-LDN-193189-10,8.335250649305255e-17,2.0054613062228445e-13,NR4A2;NR4A3;IL8;GADD45A;MAFF;CXCL1;FOS;CXCL2;HBEGF,
renal medullary carcinoma,mimicry (control),LINCS_L1000_Chem_Pert_up,4,LJP005 BT20 3H-nilotinib-10,5.114773879388591e-16,7.254522263332066e-13,NR4A2;NR4A3;IL8;GADD45A;MAFF;CXCL1;CXCL2;HBEGF,
renal medullary carcinoma,mimicry (control),LINCS_L1000_Chem_Pert_up,5,LJP005 SKBR3 3H-LDN-193189-3.33,5.535389687745914e-16,7.254522263332066e-13,NR4A2;NR4A3;IL8;GADD45A;MAFF;FOS;CXCL2;HBEGF,
renal medullary carcinoma,mimicry (control),LINCS_L1000_Chem_Pert_up,6,LJP006 HS578T 24H-celastrol-3.33,6.030359321140537e-16,7.254522263332066e-13,NR4A2;CEACAM1;NR4A3;IL8;MAFF;CXCL1;FOS;DHRS2;HBEGF,
renal medullary carcinoma,mimicry (control),LINCS_L1000_Chem_Pert_up,7,LJP005 HT29 24H-LDN-193189-10,1.069408587173875e-15,1.1027130260315758e-12,NR4A2;NR4A3;IL8;GADD45A;MAFF;CXCL1;FOS;CXCL2;HBEGF,
renal medullary carcinoma,mimicry (control),LINCS_L1000_Chem_Pert_up,8,LJP006 A549 24H-QL-XII-47-10,1.320499050192713e-15,1.1914202680363753e-12,NR4A2;NR4A3;IL8;GADD45A;MAFF;CXCL1;FOS;CXCL2;HBEGF,
renal medullary carcinoma,mimicry (control),LINCS_L1000_Chem_Pert_up,9,LJP006 MDAMB231 3H-QL-XII-47-10,3.20670758885786e-15,2.571779486264004e-12,NR4A2;NR4A3;IL8;GADD45A;MAFF;FOS;CXCL2;HBEGF,
renal medullary carcinoma,mimicry (control),LINCS_L1000_Chem_Pert_up,10,LJP005 A549 24H-nilotinib-10,2.1383290632937947e-14,1.5128390250239647e-11,NR4A2;NR4A3;IL8;GADD45A;MAFF;CXCL1;CXCL2;HBEGF,
renal medullary carcinoma,mimicry (control),LINCS_L1000_Chem_Pert_up,11,LJP008 A375 24H-GSK-461364-0.04,2.3055180486649503e-14,1.5128390250239647e-11,NR4A3;IL8;GADD45A;FOS;CXCL2;DHRS2;HBEGF,
renal medullary carcinoma,mimicry (control),LINCS_L1000_Chem_Pert_up,12,LJP005 MCF10A 24H-LDN-193189-3.33,3.0043161620045936e-14,1.7490697926369356e-11,NR4A2;IL8;GADD45A;MAFF;CXCL1;FOS;CXCL2;HBEGF,
renal medullary carcinoma,mimicry (control),LINCS_L1000_Chem_Pert_up,13,LJP005 HCC515 24H-LDN-193189-10,3.150167262992541e-14,1.7490697926369356e-11,NR4A2;NR4A3;IL8;GADD45A;MAFF;FOS;CXCL2;HBEGF,
renal medullary carcinoma,mimicry (control),LINCS_L1000_Chem_Pert_up,14,LJP006 HME1 3H-HG-5-88-01-10,4.9421665282106974e-14,2.5480398571874867e-11,NR4A2;IL8;GADD45A;MAFF;CXCL1;FOS;CXCL2,
renal medullary carcinoma,mimicry (control),LINCS_L1000_Chem_Pert_up,15,LJP005 MCF10A 3H-LDN-193189-3.33,6.238307781356264e-14,3.0018737043886343e-11,NR4A2;IL8;GADD45A;MAFF;CXCL1;CXCL2,
renal medullary carcinoma,mimicry (control),LINCS_L1000_Chem_Pert_up,16,LJP005 HA1E 24H-nilotinib-10,1.0561044112194383e-13,4.4840950824599443e-11,NR4A2;IL8;GADD45A;MAFF;CXCL1;CXCL2;HBEGF,
renal medullary carcinoma,mimicry (control),LINCS_L1000_Chem_Pert_up,17,LJP006 HCC515 24H-celastrol-10,1.0561044112194383e-13,4.4840950824599443e-11,NR4A2;NR4A3;GADD45A;MAFF;FOS;CXCL2;HBEGF,
renal medullary carcinoma,mimicry (control),LINCS_L1000_Chem_Pert_up,18,LJP005 A549 24H-AS-601245-10,1.7172228733955506e-13,6.886063722316158e-11,IL8;GADD45A;MAFF;FOS;CXCL2;DHRS2;HBEGF,
renal medullary carcinoma,mimicry (control),LINCS_L1000_Chem_Pert_up,19,LJP006 HS578T 24H-QL-XII-47-10,3.6815911452820573e-13,1.398617099297152e-10,NR4A2;NR4A3;IL8;GADD45A;MAFF;CXCL1;FOS;HBEGF,
renal medullary carcinoma,mimicry (control),LINCS_L1000_Chem_Pert_up,20,LJP006 A375 24H-AZD-7762-0.12,3.9042094057476857e-13,1.4090291745343396e-10,NR4A2;NR4A3;GADD45A;MAFF;FOS;DHRS2;HBEGF,
renal medullary carcinoma,mimicry (control),LINCS_L1000_Chem_Pert_up,21,LJP006 BT20 24H-celastrol-1.11,4.3695697139401543e-13,1.501883533105716e-10,NR4A2;NR4A3;IL8;GADD45A;MAFF;CXCL1;FOS;HBEGF,
renal medullary carcinoma,mimicry (control),LINCS_L1000_Chem_Pert_up,22,LJP006 A375 24H-KIN001-043-10,7.303342075409525e-13,2.3961601409229974e-10,NR4A2;NR4A3;IL8;GADD45A;MAFF;CXCL2;HBEGF,
renal medullary carcinoma,mimicry (control),LINCS_L1000_Chem_Pert_up,23,LJP006 HME1 3H-QL-XII-47-3.33,9.049726445655036e-13,2.840040238466872e-10,NR4A2;NR4A3;IL8;GADD45A;MAFF;FOS;HBEGF,
renal medullary carcinoma,mimicry (control),LINCS_L1000_Chem_Pert_up,24,LJP005 HCC515 24H-PF-477736-10,1.1674200490109861e-12,3.5110157974005406e-10,NR4A2;IL8;GADD45A;MAFF;CXCL2;HBEGF,
renal medullary carcinoma,mimicry (control),LINCS_L1000_Chem_Pert_up,25,LJP006 BT20 24H-withaferin-a-3.33,1.580399085619044e-12,4.562928239999305e-10,NR4A2;NR4A3;IL8;GADD45A;MAFF;FOS;HBEGF,
renal medullary carcinoma,mimicry (control),LINCS_L1000_Chem_Pert_up,26,LJP005 SKBR3 3H-nilotinib-10,1.7233787249534678e-12,4.784364475659282e-10,IL8;GADD45A;MAFF;CXCL1;CXCL2;DHRS2,
renal medullary carcinoma,mimicry (control),LINCS_L1000_Chem_Pert_up,27,LJP006 PC3 24H-withaferin-a-3.33,2.8963395185035447e-12,7.742880979466142e-10,NR4A2;NR4A3;GADD45A;MAFF;FOS;DHRS2;HBEGF,
renal medullary carcinoma,mimicry (control),LINCS_L1000_Chem_Pert_up,28,LJP006 SKBR3 3H-mitoxantrone-0.37,5.251868910519309e-12,1.3538567784331562e-09,NR4A2;IL8;MAFF;CXCL1;CXCL2;HBEGF,
renal medullary carcinoma,mimicry (control),LINCS_L1000_Chem_Pert_up,29,LJP005 A549 24H-LDN-193189-10,6.703976906676157e-12,1.6685967349099484e-09,NR4A2;NR4A3;IL8;MAFF;CXCL1;FOS;CXCL2,
renal medullary carcinoma,mimicry (control),LINCS_L1000_Chem_Pert_up,30,LJP005 PC3 24H-foretinib-10,9.48275189815205e-12,2.2162485071484167e-09,NR4A2;IL8;GADD45A;MAFF;CXCL1;CXCL2;HBEGF,
renal medullary carcinoma,mimicry (control),LINCS_L1000_Chem_Pert_up,31,LJP005 MCF7 24H-withaferin-a-10,9.518385109670395e-12,2.2162485071484167e-09,NR4A2;GADD45A;MAFF;FOS;CXCL2;HBEGF,
renal medullary carcinoma,mimicry (control),LINCS_L1000_Chem_Pert_up,32,LJP006 MDAMB231 3H-JW-7-24-1-10,1.1725116282013479e-11,2.6447465413616653e-09,NR4A2;NR4A3;IL8;GADD45A;MAFF;CXCL2,
renal medullary carcinoma,mimicry (control),LINCS_L1000_Chem_Pert_up,33,LJP006 A549 24H-celastrol-3.33,1.367246992664574e-11,2.9905420585008774e-09,NR4A2;NR4A3;GADD45A;MAFF;FOS;CXCL2;HBEGF,
renal medullary carcinoma,mimicry (control),LINCS_L1000_Chem_Pert_up,34,LJP005 A549 24H-WZ-3105-0.37,1.6342596633580177e-11,3.3703103571766205e-09,NR4A3;IL8;GADD45A;MAFF;FOS;HBEGF,
renal medullary carcinoma,mimicry (control),LINCS_L1000_Chem_Pert_up,35,LJP006 MDAMB231 24H-QL-XII-47-10,1.6342596633580177e-11,3.3703103571766205e-09,NR4A3;IL8;GADD45A;MAFF;CXCL2;DHRS2,
renal medullary carcinoma,mimicry (control),LINCS_L1000_Chem_Pert_up,36,LJP006 HA1E 24H-celastrol-1.11,1.8706745945380894e-11,3.7507025620488694e-09,NR4A2;NR4A3;IL8;GADD45A;MAFF;FOS;CXCL2,
renal medullary carcinoma,mimicry (control),LINCS_L1000_Chem_Pert_up,37,LJP009 HT29 24H-BX-795-10,2.5267269737148815e-11,4.929166296290274e-09,IL8;MAFF;CXCL1;FOS;CXCL2;HBEGF,
renal medullary carcinoma,mimicry (control),LINCS_L1000_Chem_Pert_up,38,LJP006 HME1 3H-QL-XII-47-0.37,4.725340490104669e-11,8.97565990988829e-09,NR4A2;NR4A3;IL8;GADD45A;MAFF;HBEGF,
renal medullary carcinoma,mimicry (control),LINCS_L1000_Chem_Pert_up,39,LJP006 BT20 24H-celastrol-3.33,7.923687277411451e-11,1.4664916607270731e-08,NR4A2;IL8;GADD45A;MAFF;FOS;HBEGF,
renal medullary carcinoma,mimicry (control),LINCS_L1000_Chem_Pert_up,40,LJP005 A375 24H-radicicol-10,1.0098003224615056e-10,1.8221846818817866e-08,NR4A2;NR4A3;GADD45A;MAFF;FOS;HBEGF,
renal medullary carcinoma,mimicry (control),LINCS_L1000_Chem_Pert_up,41,LJP006 A375 24H-mitoxantrone-0.37,1.1625497180611923e-10,2.046654601211143e-08,NR4A2;NR4A3;GADD45A;MAFF;FOS;DHRS2,
renal medullary carcinoma,mimicry (control),LINCS_L1000_Chem_Pert_up,42,LJP006 A375 24H-radicicol-10,1.2175432476325933e-10,2.0924350384314427e-08,NR4A2;NR4A3;GADD45A;MAFF;FOS;HBEGF,
renal medullary carcinoma,mimicry (control),LINCS_L1000_Chem_Pert_up,43,LJP008 PC3 24H-azacitidine-3.33,1.3340314496792672e-10,2.2364606642605445e-08,NR4A2;IL8;GADD45A;MAFF;CXCL2;HBEGF,azacitidine
renal medullary carcinoma,mimicry (control),LINCS_L1000_Chem_Pert_up,44,LJP007 A549 24H-mitoxantrone-10,1.3633176673242444e-10,2.2364606642605445e-08,NR4A2;NR4A3;GADD45A;MAFF;FOS,
renal medullary carcinoma,mimicry (control),LINCS_L1000_Chem_Pert_up,45,LJP008 A375 24H-MK-1775-10,1.459636010575658e-10,2.290359287898935e-08,NR4A2;NR4A3;IL8;GADD45A;MAFF;HBEGF,
renal medullary carcinoma,mimicry (control),LINCS_L1000_Chem_Pert_up,46,LJP005 MCF7 3H-LDN-193189-10,1.459636010575658e-10,2.290359287898935e-08,NR4A2;NR4A3;GADD45A;MAFF;CXCL2;HBEGF,
renal medullary carcinoma,mimicry (control),LINCS_L1000_Chem_Pert_up,47,LJP006 MDAMB231 24H-withaferin-a-3.33,1.979344869816053e-10,3.039768355389845e-08,NR4A3;GADD45A;MAFF;FOS;DHRS2;HBEGF,
renal medullary carcinoma,mimicry (control),LINCS_L1000_Chem_Pert_up,48,LJP006 HS578T 3H-QL-XII-47-3.33,2.3736784490249623e-10,3.569418967721287e-08,NR4A3;GADD45A;MAFF;DHRS2;HBEGF,
renal medullary carcinoma,mimicry (control),LINCS_L1000_Chem_Pert_up,49,LJP009 PC3 24H-chelerythrine chloride-10,2.539339761507766e-10,3.6636405250486394e-08,IL8;GADD45A;MAFF;CXCL1;FOS;CXCL2,
renal medullary carcinoma,mimicry (control),LINCS_L1000_Chem_Pert_up,50,LJP006 MCF7 24H-withaferin-a-10,2.539339761507766e-10,3.6636405250486394e-08,NR4A2;NR4A3;GADD45A;MAFF;FOS;HBEGF,
renal medullary carcinoma,mimicry (control),LINCS_L1000_Chem_Pert_up,51,LJP005 BT20 24H-SB590885-1.11,2.5886071872746e-10,3.6636405250486394e-08,NR4A2;NR4A3;IL8;MAFF;HBEGF,
renal medullary carcinoma,mimicry (control),LINCS_L1000_Chem_Pert_up,52,LJP005 MCF10A 3H-dovitinib-10,2.8187959848604874e-10,3.82983717007941e-08,NR4A3;IL8;MAFF;CXCL1;CXCL2,
renal medullary carcinoma,mimicry (control),LINCS_L1000_Chem_Pert_up,53,LJP006 SKBR3 3H-KIN001-043-10,2.8187959848604874e-10,3.82983717007941e-08,NR4A2;NR4A3;GADD45A;MAFF;HBEGF,
renal medullary carcinoma,mimicry (control),LINCS_L1000_Chem_Pert_up,54,LJP006 MDAMB231 24H-celastrol-3.33,2.8652148404584117e-10,3.82983717007941e-08,NR4A2;IL8;GADD45A;CXCL1;DHRS2;HBEGF,
renal medullary carcinoma,mimicry (control),LINCS_L1000_Chem_Pert_up,55,LJP006 A549 24H-AT-7519-3.33,3.225102973656203e-10,4.232507866154632e-08,NR4A2;NR4A3;GADD45A;MAFF;FOS;HBEGF,
renal medullary carcinoma,mimicry (control),LINCS_L1000_Chem_Pert_up,56,LJP006 A375 24H-GW-843682X-0.37,3.328161090656895e-10,4.2460804531968e-08,NR4A2;NR4A3;GADD45A;MAFF;DHRS2,
renal medullary carcinoma,mimicry (control),LINCS_L1000_Chem_Pert_up,57,LJP008 A375 24H-CGP-60474-0.04,3.35309761474394e-10,4.2460804531968e-08,NR4A2;GADD45A;MAFF;CXCL2;DHRS2;HBEGF,
renal medullary carcinoma,mimicry (control),LINCS_L1000_Chem_Pert_up,58,LJP006 BT20 24H-mitoxantrone-1.11,3.4852839443394146e-10,4.337375777627913e-08,NR4A2;NR4A3;GADD45A;MAFF;FOS;HBEGF,
renal medullary carcinoma,mimicry (control),LINCS_L1000_Chem_Pert_up,59,LJP006 BT20 3H-QL-XII-47-0.37,3.6090086580744e-10,4.4152244905052576e-08,NR4A2;NR4A3;GADD45A;MAFF;HBEGF,
renal medullary carcinoma,mimicry (control),LINCS_L1000_Chem_Pert_up,60,LJP005 MCF10A 3H-PF-477736-10,3.908459657109264e-10,4.7018769675024446e-08,NR4A2;NR4A3;CXCL1;FOS;CXCL2,
penile squamous cell carcinoma,reversal,LINCS_L1000_Chem_Pert_down,1,LJP008 HEPG2 24H-GSK-1070916-10,5.071321696328071e-14,8.389994614405161e-10,POSTN;ANGPT2;LUM;LYZ;DCN;GJA1;VCAN;COL3A1;COL1A2;PTPRC;IL8;FABP5,
penile squamous cell carcinoma,reversal,LINCS_L1000_Chem_Pert_down,2,LJP005 HCC515 24H-XMD16-144-1.11,3.710703846021813e-13,3.0694942214292437e-09,CD74;POSTN;LUM;TNC;LYZ;CXCL14;IGJ;DCN;ASPN;MMP12;COL3A1;FABP5,
penile squamous cell carcinoma,reversal,LINCS_L1000_Chem_Pert_down,3,LJP008 HEPG2 24H-I-BET151-1.11,1.3548595123279938e-12,6.124589379888049e-09,CD74;CD163;SPINK5;CFI;CXCL10;VCAN;FCGR2A;FABP5;SPP1;HLA-DRA;PI3;S100A9,
penile squamous cell carcinoma,reversal,LINCS_L1000_Chem_Pert_down,4,LJP006 MCF10A 3H-WYE-125132-0.12,1.480800140205041e-12,6.124589379888049e-09,SERPINB3;SERPINB4;CXCL10;CXCL11;RSAD2;FABP5;CFI;SPP1;S100A12;CXCL14;SPRR1A;HLA-DPA1,
penile squamous cell carcinoma,reversal,LINCS_L1000_Chem_Pert_down,5,LJP006 PC3 24H-CGP-60474-3.33,2.119515815793611e-12,7.0130539312979e-09,MMP12;CD74;COL3A1;GPNMB;IFI6;IFI44;HLA-DRA;SPARCL1;HLA-DQA1;DCN;HLA-DPA1,
penile squamous cell carcinoma,reversal,LINCS_L1000_Chem_Pert_down,6,LJP006 HCC515 24H-QL-X-138-10,3.5916510796217874e-12,9.90337924354381e-09,SRGN;TNC;LYZ;MMP12;COL3A1;COL1A2;AKR1B10;IL8;FABP5;RGS1;SPP1;PLBD1,
penile squamous cell carcinoma,reversal,LINCS_L1000_Chem_Pert_down,7,LJP009 HEPG2 24H-GDC-0879-3.33,7.435319886339442e-12,1.7572847457085675e-08,MMP12;CD74;CXCL9;ENTPD1;COL3A1;COL1A2;HLA-DRA;LYZ;IGJ;HLA-DQA1;HLA-DRB1;HLA-DPA1,
penile squamous cell carcinoma,reversal,LINCS_L1000_Chem_Pert_down,8,LJP006 HS578T 24H-QL-X-138-10,1.1876614442776719e-11,2.4560838667662255e-08,SRGN;LUM;CFI;LAPTM5;LYZ;SULF1;IGJ;DCN;CXCL10;GJA1;COL3A1;VCAN,
penile squamous cell carcinoma,reversal,LINCS_L1000_Chem_Pert_down,9,LJP006 HME1 3H-HG-5-88-01-10,1.403438687511985e-11,2.5798321829109198e-08,SERPINB3;KRT1;SPINK5;SPP1;DSG1;PI3;CXCL14;SPRR2B;SPRR1A;S100A7;TMEM45A,
penile squamous cell carcinoma,reversal,LINCS_L1000_Chem_Pert_down,10,LJP006 SKBR3 24H-sorafenib-10,4.983539308037879e-11,8.244767431217867e-08,SERPINB3;POSTN;LUM;SAMHD1;CXCL14;DCN;ASPN;GJA1;IL8;FABP5;CCL2;PI3,
penile squamous cell carcinoma,reversal,LINCS_L1000_Chem_Pert_down,11,LJP009 HEPG2 24H-SYK-inhibitor-1.11,6.881146108268167e-11,1.0349243746835323e-07,CD74;FGL2;CYBB;HLA-DRA;LYZ;S100A9;ASPN;HLA-DQA1;HLA-DRB1;HLA-DPA1;TMEM45A,
penile squamous cell carcinoma,reversal,LINCS_L1000_Chem_Pert_down,12,LJP007 HA1E 24H-A66-10,8.84028520060513e-11,1.218780652990094e-07,MMP12;CXCL10;CXCL9;CD163;AKR1B10;IL8;RGS1;FGL2;LYZ;S100A9;HLA-DPA1;S100A7,
penile squamous cell carcinoma,reversal,LINCS_L1000_Chem_Pert_down,13,LJP007 HA1E 24H-INK-128-0.12,9.937097603593893e-11,1.2646103288758258e-07,SRGN;CXCL9;KRT1;FGL2;TNC;KRT10;LYZ;CXCL14;IGJ;DCN;VCAN;IL8,
penile squamous cell carcinoma,reversal,LINCS_L1000_Chem_Pert_down,14,LJP006 A375 24H-GW-843682X-3.33,1.4433277317978946e-10,1.7056009996331694e-07,SERPINB3;LUM;IFI6;SULF1;CXCL14;SEPP1;DCN;COL3A1;AKR1B10;HLA-DRA;SPRR1A;S100A7,
penile squamous cell carcinoma,reversal,LINCS_L1000_Chem_Pert_down,15,LJP005 HCC515 24H-GDC-0980-0.37,1.707999396710395e-10,1.8838094679451186e-07,MMP12;CXCL9;FABP4;FABP5;RGS1;LUM;TNC;LYZ;CXCL14;S100A9;HLA-DQA1;S100A7,
penile squamous cell carcinoma,reversal,LINCS_L1000_Chem_Pert_down,16,LJP008 HA1E 24H-I-BET-3.33,3.260423945921252e-10,3.2633122340990013e-07,CD74;CD163;CXCL14;DOCK10;CXCL10;VCAN;IL8;FABP5;PLBD1;HLA-DRA;CCL2;PI3,
penile squamous cell carcinoma,reversal,LINCS_L1000_Chem_Pert_down,17,LJP005 A375 24H-enzastaurin-3.33,3.3532584610543416e-10,3.2633122340990013e-07,SERPINB3;SERPINB4;FABP5;MMP1;ENPP2;SPARCL1;SEPP1;S100A9;S100A7;TMEM45A,
penile squamous cell carcinoma,reversal,LINCS_L1000_Chem_Pert_down,18,LJP006 HME1 3H-GW-843682X-1.11,4.611342537767074e-10,4.238336163601026e-07,MMP12;SERPINB4;GJA1;AKR1B10;FABP4;MMP1;MMP3;DSG1;PI3;SPRR1A;S100A7,
penile squamous cell carcinoma,reversal,LINCS_L1000_Chem_Pert_down,19,LJP005 MDAMB231 3H-PF-477736-3.33,5.152264041856936e-10,4.486266121499008e-07,SERPINB3;CD74;VCAN;TNC;PLBD1;CXCL14;SEPP1;SPRR1A;ASPN;S100A7,
penile squamous cell carcinoma,reversal,LINCS_L1000_Chem_Pert_down,20,LJP005 SKBR3 3H-CP466722-1.11,5.914436038402872e-10,4.892421490966857e-07,SRGN;MS4A6A;COL3A1;COL1A2;FGL2;LYZ;S100A9;HLA-DPA1;S100A7,
penile squamous cell carcinoma,reversal,LINCS_L1000_Chem_Pert_down,21,LJP005 SKBR3 24H-buparlisib-1.11,7.641927395402535e-10,6.020383182359026e-07,GJA1;COL3A1;COL1A2;AKR1B10;LUM;SPP1;LAPTM5;PI3;DCN;S100A7;TMEM45A,
penile squamous cell carcinoma,reversal,LINCS_L1000_Chem_Pert_down,22,LJP006 HME1 24H-QL-XII-47-1.11,8.153711176714802e-10,6.131590804889532e-07,SRGN;POSTN;CXCL9;LUM;CFI;TNC;SULF1;SEPP1;DCN;COL3A1;COL1A2;RGS1,
penile squamous cell carcinoma,reversal,LINCS_L1000_Chem_Pert_down,23,LJP009 PC3 24H-dabrafenib-3.33,9.858018453788308e-10,7.09091553475973e-07,CD74;CXCL9;GJA1;ENPP2;PECAM1;A2M;GBP2;HLA-DQA1;S100A7,
penile squamous cell carcinoma,reversal,LINCS_L1000_Chem_Pert_down,24,LJP005 MCF7 3H-pelitinib-10,1.2349573059582775e-09,8.326499854955368e-07,CD74;GJA1;POSTN;PTPRC;GPNMB;LUM;SPP1;COL6A3;LYZ;SEPP1;IGJ,
penile squamous cell carcinoma,reversal,LINCS_L1000_Chem_Pert_down,25,LJP005 SKBR3 3H-BX-912-1.11,1.2582355922019111e-09,8.326499854955368e-07,CXCL10;CXCL9;CXCL11;FABP4;TNFSF10;PECAM1;SULF1;CXCL14;IFI44L,
penile squamous cell carcinoma,reversal,LINCS_L1000_Chem_Pert_down,26,LJP009 HEPG2 24H-GSK-2334470-0.04,1.3888794692429256e-09,8.837546899674985e-07,GJA1;VCAN;COL3A1;CFI;HLA-DRA;LYZ;DCN;HLA-DQA1;HLA-DPA1;TMEM45A,
penile squamous cell carcinoma,reversal,LINCS_L1000_Chem_Pert_down,27,LJP006 HCC515 24H-BI-2536-0.12,1.6789448734926214e-09,9.973161724967744e-07,MMP12;EDNRA;VCAN;COL3A1;IL8;TNFSF10;SPARCL1;CCL2;GBP2;SULF1;S100A7,
penile squamous cell carcinoma,reversal,LINCS_L1000_Chem_Pert_down,28,LJP006 SKBR3 24H-AZD-8055-0.04,1.6879142184423165e-09,9.973161724967744e-07,POSTN;CXCL9;SPINK5;TNC;IGJ;DCN;CXCL10;COL1A2;AKR1B10;RGS1;HLA-DQA1;S100A7,
penile squamous cell carcinoma,reversal,LINCS_L1000_Chem_Pert_down,29,LJP005 A549 24H-NVP-AEW541-0.37,2.00761327816966e-09,1.071417873356092e-06,MMP12;CD74;COL3A1;IL8;RGS1;COL6A3;HLA-DRA;LYZ;HLA-DPA1,
penile squamous cell carcinoma,reversal,LINCS_L1000_Chem_Pert_down,30,LJP006 A549 24H-NVP-TAE684-0.12,2.00761327816966e-09,1.071417873356092e-06,CD74;COL3A1;COL1A2;GPNMB;HLA-DRA;LYZ;IL7R;IGJ;HLA-DQA1,
penile squamous cell carcinoma,reversal,LINCS_L1000_Chem_Pert_down,31,LJP007 HEPG2 24H-tivozanib-1.11,2.00761327816966e-09,1.071417873356092e-06,SERPINB3;CXCL10;COL3A1;CLEC7A;SPARCL1;CXCL14;SPRR1A;HLA-DQA1;S100A7,
penile squamous cell carcinoma,reversal,LINCS_L1000_Chem_Pert_down,32,LJP005 HEPG2 24H-torin-2-3.33,2.340192379010018e-09,1.2020540787241672e-06,CD163;LUM;IFI6;IGJ;DCN;CXCL10;GJA1;COL3A1;COL1A2;FABP5;COL6A3;PI3,
penile squamous cell carcinoma,reversal,LINCS_L1000_Chem_Pert_down,33,LJP008 HCC515 24H-KU-55933-10,2.3977142527742696e-09,1.2020540787241672e-06,POSTN;COL3A1;COL1A2;FABP5;LUM;IFI6;PLBD1;IFI44;CXCL14;IFI44L,
penile squamous cell carcinoma,reversal,LINCS_L1000_Chem_Pert_down,34,LJP009 HA1E 24H-JWE-035-3.33,2.855617885035168e-09,1.3895100673535829e-06,CXCL10;PECAM1;COL6A3;CCL2;IFI44;DDX60;S100A9;IGJ;IFI44L;TMEM45A,
penile squamous cell carcinoma,reversal,LINCS_L1000_Chem_Pert_down,35,LJP006 BT20 3H-geldanamycin-10,3.1232314938072477e-09,1.4763069095299173e-06,VCAN;COL3A1;COL1A2;FABP5;IFI6;PLBD1;IL7R;CTSS;TMEM45A,
penile squamous cell carcinoma,reversal,LINCS_L1000_Chem_Pert_down,36,LJP009 A375 24H-GSK1059615-10,3.3894426992802456e-09,1.557637222691455e-06,VCAN;COL3A1;COL1A2;IL8;TNC;PI3;SEPP1;S100A9;SPRR1A;S100A7,
penile squamous cell carcinoma,reversal,LINCS_L1000_Chem_Pert_down,37,LJP006 HME1 24H-withaferin-a-0.37,3.9490317413152534e-09,1.7378277716504302e-06,GJA1;EDNRA;POSTN;COL3A1;COL1A2;MMP1;LUM;SPARCL1;SULF1;CXCL14;MMP10;DCN,
penile squamous cell carcinoma,reversal,LINCS_L1000_Chem_Pert_down,38,LJP006 HEPG2 24H-KIN001-043-0.37,3.991625684400166e-09,1.7378277716504302e-06,POSTN;COL3A1;COL1A2;LUM;CFI;PLBD1;S100A12;PI3;LYZ;SEPP1;S100A9,
penile squamous cell carcinoma,reversal,LINCS_L1000_Chem_Pert_down,39,LJP006 HEPG2 24H-GDC-0941-0.37,4.324975120431909e-09,1.8346766254468078e-06,CXCL10;CXCL9;POSTN;CXCL11;COL3A1;COL1A2;LYZ;DSC2,
penile squamous cell carcinoma,reversal,LINCS_L1000_Chem_Pert_down,40,LJP005 PC3 24H-radicicol-0.37,4.749209892767252e-09,1.9642732116485353e-06,COL3A1;COL1A2;FABP4;AKR1B10;MMP1;TNFSF10;S100A9;S100A7;TMEM45A,
penile squamous cell carcinoma,reversal,LINCS_L1000_Chem_Pert_down,41,LJP005 A375 24H-GSK-690693-3.33,5.238790171132604e-09,2.0635843950289955e-06,SERPINB3;CD74;VCAN;MMP1;TNC;COL6A3;A2M;SULF1;SPRR1A;HLA-DQA1;HLA-DPA1,
penile squamous cell carcinoma,reversal,LINCS_L1000_Chem_Pert_down,42,LJP006 SKBR3 24H-QL-X-138-1.11,5.238790171132604e-09,2.0635843950289955e-06,MMP12;POSTN;COL1A2;AKR1B10;IL8;SPINK5;MMP3;TNC;PI3;SPRR1A;S100A7,
penile squamous cell carcinoma,reversal,LINCS_L1000_Chem_Pert_down,43,LJP005 HEPG2 24H-XMD16-144-1.11,5.5601076020630656e-09,2.123537216870906e-06,GJA1;CD163;LUM;SPP1;SPARCL1;CXCL14;IGJ;DCN;HLA-DQA1;TMEM45A,
penile squamous cell carcinoma,reversal,LINCS_L1000_Chem_Pert_down,44,LJP008 HCC515 24H-dasatinib-10,5.647705364018368e-09,2.123537216870906e-06,MMP12;GJA1;POSTN;VCAN;TNC;CCL2;SPARCL1;CXCL14,
penile squamous cell carcinoma,reversal,LINCS_L1000_Chem_Pert_down,45,LJP006 HEPG2 24H-torin-1-10,5.895705843009742e-09,2.1675234992611816e-06,RSAD2;CFI;IFI44;IFI44L;DCN;GJA1;COL3A1;COL1A2;SPARCL1;COL6A3;PI3;S100A9,
penile squamous cell carcinoma,reversal,LINCS_L1000_Chem_Pert_down,46,LJP008 A375 24H-GSK-1070916-1.11,7.306214988403708e-09,2.6276961036554555e-06,SLC6A14;HLA-DRA;LYZ;CXCL14;SEPP1;HLA-DRB1;HLA-DPA1;TMEM45A,
penile squamous cell carcinoma,reversal,LINCS_L1000_Chem_Pert_down,47,LJP005 SKBR3 3H-NVP-AEW541-10,9.369403493952793e-09,3.298030029871383e-06,MS4A6A;VCAN;FABP4;AKR1B10;IL8;CCL2;IGJ;SEPP1,
penile squamous cell carcinoma,reversal,LINCS_L1000_Chem_Pert_down,48,LJP009 A549 24H-KIN001-127-10,9.919916071388986e-09,3.4190644059387373e-06,COL3A1;COL1A2;IL8;PLBD1;CCL2;LYZ,
penile squamous cell carcinoma,reversal,LINCS_L1000_Chem_Pert_down,49,LJP008 HEPG2 24H-I-BET-3.33,1.0326871603007074e-08,3.486689057145899e-06,CD74;VCAN;FABP5;SPINK5;MMP3;SPP1;PI3;S100A9;SPRR2B;SPRR1A,
penile squamous cell carcinoma,reversal,LINCS_L1000_Chem_Pert_down,50,LJP005 HEPG2 24H-buparlisib-10,1.0788024872999018e-08,3.569541669977915e-06,GJA1;EDNRA;CXCL9;COL3A1;COL1A2;LUM;COL6A3;SULF1;CXCL14;IGJ;DCN;ASPN,
penile squamous cell carcinoma,reversal,LINCS_L1000_Chem_Pert_down,51,LJP005 HA1E 24H-AZD-6482-1.11,1.1917138944328893e-08,3.865826405783867e-06,MMP12;CXCL10;COL3A1;GPNMB;LYZ;CXCL14;HLA-DRB1;TMEM45A,
penile squamous cell carcinoma,reversal,LINCS_L1000_Chem_Pert_down,52,LJP008 HEPG2 24H-GSK-1059615-10,1.2805681601570015e-08,4.074176854161045e-06,SERPINB3;SERPINB4;FABP5;RGS1;ENPP2;SPP1;PI3;LYZ;S100A9;IGJ;S100A7,
penile squamous cell carcinoma,reversal,LINCS_L1000_Chem_Pert_down,53,LJP007 HCC515 24H-PHA-767491-3.33,1.3853024971161526e-08,4.324234813639552e-06,IL8;FABP5;CFI;ENPP2;PLBD1;S100A12;CCL2;LYZ;S100A9;IGJ,
penile squamous cell carcinoma,reversal,LINCS_L1000_Chem_Pert_down,54,LJP005 SKBR3 3H-PF-477736-10,1.4857664664788528e-08,4.524488994083364e-06,COL3A1;COL1A2;PALMD;LAMA4;CCL2;PI3;SULF1;S100A9;S100A7,
penile squamous cell carcinoma,reversal,LINCS_L1000_Chem_Pert_down,55,LJP005 MDAMB231 3H-torin-2-0.04,1.5041519262245227e-08,4.524488994083364e-06,SERPINB3;GJA1;VCAN;COL3A1;COL1A2;IL8;TNC;COL6A3,
penile squamous cell carcinoma,reversal,LINCS_L1000_Chem_Pert_down,56,LJP009 A549 24H-GSK-1059615-10,1.5986032409429957e-08,4.722730717528736e-06,MMP12;COL3A1;LUM;SPINK5;SPP1;CCL2;PI3;KRT10;SPRR1A;S100A7,
penile squamous cell carcinoma,reversal,LINCS_L1000_Chem_Pert_down,57,LJP006 A375 24H-afatinib-10,1.6495091770145777e-08,4.787628039391083e-06,SERPINB3;CD74;LAMA4;TNC;LYZ;SEPP1;SPARCL1;HLA-DRA;A2M;S100A9;HLA-DRB1;S100A7,
penile squamous cell carcinoma,reversal,LINCS_L1000_Chem_Pert_down,58,LJP009 A375 24H-CC-401-3.33,1.7703190050750562e-08,4.881359603326955e-06,SRGN;CD74;COL1A2;TNC;LYZ;CXCL14;SEPP1;HLA-DQA1;TMEM45A,
penile squamous cell carcinoma,reversal,LINCS_L1000_Chem_Pert_down,59,LJP008 PC3 24H-LY2603618-10,1.7703190050750562e-08,4.881359603326955e-06,GJA1;VCAN;COL3A1;LUM;TNC;ENPP2;COL6A3;DCN;HLA-DPA1,
penile squamous cell carcinoma,reversal,LINCS_L1000_Chem_Pert_down,60,LJP008 HEPG2 24H-GSK-461364-10,1.7703190050750562e-08,4.881359603326955e-06,SERPINB3;MMP12;SERPINB4;CXCL10;CXCL9;COL3A1;ENPP2;SEPP1;HLA-DQA1,
penile squamous cell carcinoma,mimicry (control),LINCS_L1000_Chem_Pert_up,1,LJP006 HA1E 24H-BMS-387032-10,9.25654934944316e-23,1.5906454402083127e-18,CXCL9;CFI;IFI6;FPR3;PLA2G7;CTSS;GPNMB;CLEC7A;ENPP2;A2M;HLA-DQA1;CD74,
penile squamous cell carcinoma,mimicry (control),LINCS_L1000_Chem_Pert_up,2,LJP006 HA1E 24H-mitoxantrone-3.33,3.7469482580771425e-22,3.219377943339881e-18,CXCL9;LAMA4;CFI;IFI6;FPR3;PLA2G7;CTSS;GPNMB;RGS1;CLEC7A;ENPP2;A2M,
penile squamous cell carcinoma,mimicry (control),LINCS_L1000_Chem_Pert_up,3,LJP006 HA1E 24H-CGP-60474-3.33,2.888435755125655e-20,1.6544960005359753e-16,CXCL9;LAMA4;CFI;PLA2G7;EDNRA;GPNMB;RGS1;SPP1;ENPP2;A2M;HLA-DQA1;CD74,
penile squamous cell carcinoma,mimicry (control),LINCS_L1000_Chem_Pert_up,4,LJP006 HA1E 24H-alvocidib-0.37,4.9869227741823644e-20,2.1423820237887436e-16,CXCL9;IFI6;FPR3;CTSS;GJA1;GPNMB;RGS1;CLEC7A;TNFSF10;ENPP2;A2M;HLA-DQA1,
penile squamous cell carcinoma,mimicry (control),LINCS_L1000_Chem_Pert_up,5,LJP006 HA1E 24H-CGP-60474-10,7.094272225052525e-20,2.4381594783060517e-16,CXCL9;LAMA4;CFI;FGL2;FPR3;GPNMB;RGS1;CLEC7A;TNFSF10;ENPP2;A2M;HLA-DQA1,
penile squamous cell carcinoma,mimicry (control),LINCS_L1000_Chem_Pert_up,6,LJP006 HA1E 24H-alvocidib-1.11,2.8999130503888384e-19,8.305350976313634e-16,CXCL9;CFI;FPR3;CTSS;GJA1;EDNRA;GPNMB;CLEC7A;ENPP2;A2M;HLA-DQA1;CD74,
penile squamous cell carcinoma,mimicry (control),LINCS_L1000_Chem_Pert_up,7,LJP006 HA1E 24H-BMS-387032-3.33,5.863976743502425e-18,1.4395225194335097e-14,CXCL9;CFI;IFI6;FPR3;EDNRA;GPNMB;RGS1;ENPP2;A2M;HLA-DQA1;CD74;LAPTM5,
penile squamous cell carcinoma,mimicry (control),LINCS_L1000_Chem_Pert_up,8,LJP006 HA1E 24H-JNK-9L-3.33,1.9107806946369446e-17,4.104356932080157e-14,CXCL9;CFI;IFI6;CTSS;EDNRA;GPNMB;ENPP2;A2M;HLA-DQA1;CD74;CD163;LAPTM5,
penile squamous cell carcinoma,mimicry (control),LINCS_L1000_Chem_Pert_up,9,LJP006 HA1E 24H-alvocidib-3.33,3.0098410170597156e-17,5.746789781906017e-14,CXCL9;CFI;FGL2;FPR3;CTSS;GPNMB;CLEC7A;ENPP2;A2M;HLA-DQA1;CD74;RSAD2,
penile squamous cell carcinoma,mimicry (control),LINCS_L1000_Chem_Pert_up,10,LJP006 HA1E 24H-CGP-60474-0.37,2.221446317861324e-16,3.8173333526128993e-13,CD74;CXCL9;LAMA4;CFI;LAPTM5;FPR3;LYZ;SULF1;SEPP1;DCN;ASPN;MMP12,
penile squamous cell carcinoma,mimicry (control),LINCS_L1000_Chem_Pert_up,11,LJP006 HCC515 24H-BMS-387032-10,2.026218657546953e-15,3.165321946480622e-12,CD74;RSAD2;IFI6;CYBB;IFI44;SULF1;SEPP1;ASPN;MMP12;EDNRA;COL3A1;COL1A2,
penile squamous cell carcinoma,mimicry (control),LINCS_L1000_Chem_Pert_up,12,LJP006 HA1E 24H-AZD-5438-10,2.2125736976637455e-15,3.168405535054484e-12,CD74;CXCL9;LAMA4;CFI;CYBB;LYZ;SULF1;SEPP1;DCN;ASPN;MMP12;CXCL10,
penile squamous cell carcinoma,mimicry (control),LINCS_L1000_Chem_Pert_up,13,LJP006 HA1E 24H-CGP-60474-0.12,2.456089757937652e-15,3.246572800030816e-12,CXCL9;CFI;IFI6;LAPTM5;FPR3;LYZ;SULF1;SEPP1;CTSS;ASPN;CXCL10;COL3A1,
penile squamous cell carcinoma,mimicry (control),LINCS_L1000_Chem_Pert_up,14,LJP006 HA1E 24H-PF-562271-10,3.0212569179671874e-15,3.708377062739153e-12,CD74;CXCL9;CFI;IFI6;LAPTM5;CYBB;LYZ;SULF1;SEPP1;ASPN;CXCL10;COL3A1,
penile squamous cell carcinoma,mimicry (control),LINCS_L1000_Chem_Pert_up,15,LJP006 HA1E 24H-CGP-60474-0.04,6.128775548889545e-15,7.021125268807862e-12,CD74;CD163;CXCL9;LAPTM5;FPR3;LYZ;SULF1;SEPP1;CTSS;ASPN;CXCL10;COL3A1,
penile squamous cell carcinoma,mimicry (control),LINCS_L1000_Chem_Pert_up,16,LJP006 HA1E 24H-AT-7519-3.33,1.0355041681485902e-14,1.1121314765915859e-11,CD74;CXCL9;CFI;LAPTM5;CYBB;FPR3;LYZ;SULF1;SEPP1;CTSS;CXCL10;COL3A1,
penile squamous cell carcinoma,mimicry (control),LINCS_L1000_Chem_Pert_up,17,LJP005 A375 24H-WZ-3105-1.11,1.3355106147213313e-14,1.3499655531394916e-11,CD74;CXCL9;RSAD2;FGL2;IFI6;CYBB;IFI44;SULF1;SEPP1;CTSS;ASPN;CXCL10,
penile squamous cell carcinoma,mimicry (control),LINCS_L1000_Chem_Pert_up,18,LJP006 HA1E 24H-alvocidib-10,2.845243619180995e-14,2.716259241778123e-11,CD74;CXCL9;IFI6;LAPTM5;CYBB;FPR3;SULF1;SEPP1;ASPN;MMP12;CXCL10;GJA1,
penile squamous cell carcinoma,mimicry (control),LINCS_L1000_Chem_Pert_up,19,LJP005 A549 24H-WZ-3105-1.11,3.1798615269399544e-14,2.8759337094176934e-11,CD74;CD163;RSAD2;CFI;IFI6;DNAJC15;SULF1;SEPP1;ASPN;CXCL10;PTPRC;FABP4,
penile squamous cell carcinoma,mimicry (control),LINCS_L1000_Chem_Pert_up,20,LJP005 A375 24H-AZD-8330-3.33,9.799696667812454e-14,8.419899376984461e-11,CD53;CD74;LUM;IFI6;SULF1;DDX60;SEPP1;DCN;ASPN;GJA1;COL3A1;COL1A2,
penile squamous cell carcinoma,mimicry (control),LINCS_L1000_Chem_Pert_up,21,LJP005 A549 24H-WZ-3105-3.33,1.3343602763518462e-13,1.0918879518490536e-10,CD74;CD163;RSAD2;CFI;IFI6;DNAJC15;SULF1;SEPP1;ASPN;CXCL10;COL3A1;COL1A2,
penile squamous cell carcinoma,mimicry (control),LINCS_L1000_Chem_Pert_up,22,LJP005 HA1E 24H-CGP-60474-1.11,3.055519861750592e-13,2.3866387865600986e-10,CD74;CXCL9;LYZ;SULF1;SEPP1;ASPN;MMP12;COL3A1;COL1A2;PTPRC;GPNMB;ENPP2,
penile squamous cell carcinoma,mimicry (control),LINCS_L1000_Chem_Pert_up,23,LJP005 A549 24H-WZ-3105-10,3.264295580017735e-13,2.4388545759575986e-10,CD74;RSAD2;CFI;FGL2;IFI6;LAPTM5;SULF1;ASPN;CXCL10;COL1A2;PTPRC;FABP4,
penile squamous cell carcinoma,mimicry (control),LINCS_L1000_Chem_Pert_up,24,LJP005 HA1E 24H-AZD-8330-1.11,4.0815938031353536e-13,2.922421163044913e-10,CXCL9;IFI6;SULF1;IFI44L;DCN;ASPN;CXCL10;COL3A1;GPNMB;RGS1;TNFSF10;SPARCL1,
penile squamous cell carcinoma,mimicry (control),LINCS_L1000_Chem_Pert_up,25,LJP005 MCF7 24H-WZ-3105-1.11,6.226613263194571e-13,4.279924892589421e-10,CD74;IFI6;ASPN;MMP12;COL3A1;COL1A2;IL8;FABP5;RGS1;PECAM1;HLA-DRA;A2M,
penile squamous cell carcinoma,mimicry (control),LINCS_L1000_Chem_Pert_up,26,LJP006 HA1E 24H-AT-7519-10,6.961206712066144e-13,4.6008221592363315e-10,CD74;CXCL9;CFI;LAPTM5;FPR3;LYZ;SULF1;SEPP1;CTSS;ASPN;CXCL10;COL3A1,
penile squamous cell carcinoma,mimicry (control),LINCS_L1000_Chem_Pert_up,27,LJP006 HCC515 24H-JNK-9L-10,8.862703944952253e-13,5.640618688520722e-10,CXCL9;FGL2;IFI6;DNAJC15;SEPP1;ASPN;MMP12;CXCL10;COL3A1;GPNMB;IL8;CLEC7A,
penile squamous cell carcinoma,mimicry (control),LINCS_L1000_Chem_Pert_up,28,LJP005 HA1E 24H-AS-601245-3.33,1.1191397060809157e-12,6.868320253319448e-10,CD74;CD163;CXCL9;LAPTM5;LYZ;SEPP1;COL3A1;PTPRC;RGS1;SPARCL1;COL6A3;CCL2,
penile squamous cell carcinoma,mimicry (control),LINCS_L1000_Chem_Pert_up,29,LJP006 HA1E 24H-alvocidib-0.12,1.4085837505226679e-12,8.180717923715895e-10,CD74;LAMA4;CFI;SULF1;SEPP1;CTSS;ASPN;CXCL10;COL3A1;COL1A2;PTPRC;GPNMB,
penile squamous cell carcinoma,mimicry (control),LINCS_L1000_Chem_Pert_up,30,LJP006 A549 24H-JNK-9L-10,1.4281979615425796e-12,8.180717923715895e-10,CD163;CFI;IFI6;IFI44;SAMHD1;SULF1;IFI44L;DCN;ASPN;CXCL10;COL1A2;GPNMB,
penile squamous cell carcinoma,mimicry (control),LINCS_L1000_Chem_Pert_up,31,LJP005 SKBR3 24H-WH-4-025-0.37,1.5680225765911822e-12,8.650530623334058e-10,CXCL10;CXCL9;GJA1;POSTN;CXCL11;GPNMB;RGS1;LUM;SPP1;SPARCL1;HLA-DQA1,
penile squamous cell carcinoma,mimicry (control),LINCS_L1000_Chem_Pert_up,32,LJP005 A375 24H-mitoxantrone-3.33,1.6108995574178878e-12,8.650530623334058e-10,CD74;RSAD2;MMP1;IFI6;LYZ;SULF1;CTSS;ASPN;CXCL10;GJA1;COL1A2;FABP4,
penile squamous cell carcinoma,mimicry (control),LINCS_L1000_Chem_Pert_up,33,LJP006 HA1E 24H-AT-7519-1.11,1.6944205008356768e-12,8.823309662533415e-10,CD163;CXCL9;MMP1;LAPTM5;LYZ;CXCL14;SEPP1;CTSS;CXCL10;CXCL11;COL3A1;IL8,
penile squamous cell carcinoma,mimicry (control),LINCS_L1000_Chem_Pert_up,34,LJP006 HA1E 24H-JNK-9L-10,2.0213319484089065e-12,1.021604947101725e-09,CD163;CXCL9;LAMA4;CFI;IFI6;SULF1;SEPP1;CTSS;ASPN;CXCL10;COL3A1;COL1A2,
penile squamous cell carcinoma,mimicry (control),LINCS_L1000_Chem_Pert_up,35,LJP005 A375 24H-WZ-3105-10,2.777393829698334e-12,1.3636210162724622e-09,CD74;CXCL9;RSAD2;IFI6;CYBB;IFI44;SULF1;SEPP1;CTSS;ASPN;CXCL10;PTPRC,
penile squamous cell carcinoma,mimicry (control),LINCS_L1000_Chem_Pert_up,36,LJP006 BT20 24H-geldanamycin-0.12,3.2209346241150273e-12,1.537459460577573e-09,SRGN;POSTN;LUM;LAPTM5;CXCL14;SEPP1;DCN;GJA1;COL3A1;COL1A2;GPNMB;ENPP2,
penile squamous cell carcinoma,mimicry (control),LINCS_L1000_Chem_Pert_up,37,LJP006 HA1E 24H-A443654-3.33,3.3557500006814806e-12,1.558519135451637e-09,CD74;CXCL9;LAMA4;FGL2;LYZ;SULF1;SEPP1;DCN;ASPN;CXCL10;COL3A1;COL1A2,
penile squamous cell carcinoma,mimicry (control),LINCS_L1000_Chem_Pert_up,38,LJP005 A549 24H-CGP-60474-1.11,8.66361518091082e-12,3.845847331472859e-09,CD74;RSAD2;CFI;IFI6;LAPTM5;SEPP1;ASPN;COL3A1;COL1A2;FABP4;ENPP2;SPARCL1,
penile squamous cell carcinoma,mimicry (control),LINCS_L1000_Chem_Pert_up,39,LJP006 HA1E 24H-NVP-TAE684-1.11,8.72835462799357e-12,3.845847331472859e-09,CXCL9;RSAD2;DDX58;IFI6;IFI44;DDX60;IFI44L;CTSS;CXCL10;CXCL11;FABP4;IL8,
penile squamous cell carcinoma,mimicry (control),LINCS_L1000_Chem_Pert_up,40,LJP008 HA1E 24H-veliparib-3.33,9.192149417205191e-12,3.948947389631351e-09,MMP12;CXCL10;POSTN;CXCL11;COL3A1;IL8;FABP5;RGS1;PLBD1;SULF1;EVI2B;ASPN,
penile squamous cell carcinoma,mimicry (control),LINCS_L1000_Chem_Pert_up,41,LJP006 MCF10A 24H-BMS-387032-10,9.729557414737565e-12,4.077871088167081e-09,MMP1;CFI;SULF1;SEPP1;ASPN;COL1A2;PTPRC;FABP4;IL8;GPNMB;ENPP2;SPARCL1,
penile squamous cell carcinoma,mimicry (control),LINCS_L1000_Chem_Pert_up,42,LJP005 HA1E 24H-trametinib-1.11,1.1317703007953831e-11,4.630557344968539e-09,CXCL10;CXCL9;GPNMB;RGS1;ENPP2;TNFSF10;IFI6;SPP1;DSG1;SULF1;IFI44L;TMEM45A,
penile squamous cell carcinoma,mimicry (control),LINCS_L1000_Chem_Pert_up,43,LJP005 HA1E 24H-WZ-3105-0.04,1.403438687511985e-11,5.608532652606035e-09,MMP12;CD163;ENPP2;PLBD1;PI3;LYZ;SPRR2B;SPRR1A;S100A9;HLA-DPA1;S100A7,
penile squamous cell carcinoma,mimicry (control),LINCS_L1000_Chem_Pert_up,44,LJP006 MDAMB231 24H-CGP-60474-3.33,1.4743712044891793e-11,5.758089722259558e-09,CFI;LYZ;SULF1;SEPP1;ASPN;COL3A1;COL1A2;PTPRC;FABP4;GPNMB;CLEC7A;ENPP2,
penile squamous cell carcinoma,mimicry (control),LINCS_L1000_Chem_Pert_up,45,LJP006 HCC515 24H-AT-7519-10,1.8066340108934167e-11,6.864635718167697e-09,CD74;CXCL9;IFI6;LAPTM5;SEPP1;ASPN;CXCL10;COL1A2;FABP4;IL8;GPNMB;FABP5,
penile squamous cell carcinoma,mimicry (control),LINCS_L1000_Chem_Pert_up,46,LJP005 HCC515 24H-WZ-3105-0.12,1.8376003435504775e-11,6.864635718167697e-09,CD163;IFI6;CYBB;CXCL14;SEPP1;ASPN;FABP4;IL8;GPNMB;PECAM1;SPARCL1;S100A12,
penile squamous cell carcinoma,mimicry (control),LINCS_L1000_Chem_Pert_up,47,LJP005 PC3 24H-AS-601245-1.11,2.0641904016061708e-11,7.547031459829881e-09,SRGN;MMP12;GJA1;POSTN;COL3A1;COL1A2;ENPP2;SPARCL1;A2M;CXCL14;SEPP1;TMEM45A,
penile squamous cell carcinoma,mimicry (control),LINCS_L1000_Chem_Pert_up,48,LJP005 A375 24H-foretinib-1.11,2.3353795842658166e-11,8.244181005151448e-09,CD74;IFI6;SULF1;CTSS;DCN;ASPN;CXCL10;RGS1;CLEC7A;SPP1;HLA-DRA;GBP2,
penile squamous cell carcinoma,mimicry (control),LINCS_L1000_Chem_Pert_up,49,LJP006 MDAMB231 24H-AT-7519-10,2.3508197698581293e-11,8.244181005151448e-09,CFI;IFI6;SEPP1;ASPN;COL3A1;PTPRC;FABP4;IL8;FABP5;ENPP2;A2M;IL7R,
penile squamous cell carcinoma,mimicry (control),LINCS_L1000_Chem_Pert_up,50,LJP006 HCC515 24H-AT-7519-3.33,2.52955177632058e-11,8.69356354485857e-09,CD74;RSAD2;IFI6;IFI44;SEPP1;IFI44L;ASPN;EDNRA;COL1A2;GPNMB;IL8;ENPP2,
penile squamous cell carcinoma,mimicry (control),LINCS_L1000_Chem_Pert_up,51,LJP006 MDAMB231 24H-linifanib-10,2.637735319761477e-11,8.887616418584553e-09,LYZ;CXCL14;SEPP1;DCN;IL8;ENPP2;PECAM1;SPARCL1;PI3;A2M;IL7R;S100A9,
penile squamous cell carcinoma,mimicry (control),LINCS_L1000_Chem_Pert_up,52,LJP008 A375 24H-CTB-0.37,2.8621247514714703e-11,9.458221486401105e-09,SRGN;MMP12;CD74;AKR1B10;ENPP2;SPP1;HLA-DRA;A2M;HLA-DQA1;HLA-DRB1;HLA-DPA1,
penile squamous cell carcinoma,mimicry (control),LINCS_L1000_Chem_Pert_up,53,LJP006 HA1E 24H-BMS-345541-10,3.7540143152557514e-11,1.2171506036482044e-08,CD74;CXCL9;FGL2;LAPTM5;LYZ;SULF1;CTSS;ASPN;CXCL10;COL3A1;COL1A2;PTPRC,
penile squamous cell carcinoma,mimicry (control),LINCS_L1000_Chem_Pert_up,54,LJP006 HA1E 24H-CGP-60474-1.11,3.957530281850572e-11,1.2564281943891237e-08,CD74;CXCL9;IFI6;LYZ;SULF1;SEPP1;CXCL10;COL3A1;COL1A2;PTPRC;GPNMB;ENPP2,
penile squamous cell carcinoma,mimicry (control),LINCS_L1000_Chem_Pert_up,55,LJP005 MCF10A 24H-CGP-60474-0.37,4.049044487027304e-11,1.2564281943891237e-08,MMP1;SULF1;ASPN;MMP12;COL3A1;COL1A2;FABP4;GPNMB;RGS1;GPR183;ENPP2;PECAM1,
penile squamous cell carcinoma,mimicry (control),LINCS_L1000_Chem_Pert_up,56,LJP005 HA1E 24H-PF-431396-10,4.0945052889775914e-11,1.2564281943891237e-08,CXCL9;CFI;SULF1;SEPP1;ASPN;MMP12;COL3A1;COL1A2;PTPRC;GPNMB;RGS1;ENPP2,
penile squamous cell carcinoma,mimicry (control),LINCS_L1000_Chem_Pert_up,57,LJP005 PC3 24H-WZ-3105-3.33,4.351633243587746e-11,1.3119029062774003e-08,LAPTM5;FPR3;SULF1;SEPP1;ASPN;MMP12;CXCL10;PTPRC;IL8;GPNMB;RGS1;CLEC7A,
penile squamous cell carcinoma,mimicry (control),LINCS_L1000_Chem_Pert_up,58,LJP006 MCF10A 24H-CGP-60474-10,5.534150432665069e-11,1.639635190257182e-08,CFI;CYBB;SULF1;SEPP1;ASPN;COL1A2;PTPRC;FABP4;GPNMB;ENPP2;SPP1;SPARCL1,
penile squamous cell carcinoma,mimicry (control),LINCS_L1000_Chem_Pert_up,59,LJP006 HEPG2 24H-mitoxantrone-10,5.762838562224182e-11,1.6504769642210054e-08,POSTN;CD163;RSAD2;SULF1;CTSS;ASPN;COL3A1;COL1A2;FCGR2A;IL8;GPNMB;CLEC7A,
penile squamous cell carcinoma,mimicry (control),LINCS_L1000_Chem_Pert_up,60,LJP006 MCF10A 24H-AT-7519-1.11,5.762838562224182e-11,1.6504769642210054e-08,CD74;CFI;LAPTM5;CYBB;LYZ;SULF1;CXCL14;CTSS;ASPN;PTPRC;IL8;GPNMB,
sarcomatoid urothelial carcinoma,reversal,LINCS_L1000_Chem_Pert_down,1,LJP006 BT20 24H-palbociclib-0.37,0.00011162096372799426,0.47842861197213854,TEAD4;CDKN2C;PSRC1;CDCA3;SLC43A3;WHSC1,palbociclib
sarcomatoid urothelial carcinoma,reversal,LINCS_L1000_Chem_Pert_down,2,LJP006 BT20 24H-QL-X-138-0.37,0.0004779813603877234,0.47842861197213854,TEAD4;SLC43A3;IFRD2,
sarcomatoid urothelial carcinoma,reversal,LINCS_L1000_Chem_Pert_down,3,CPC013 HEPG2 6H-BRD-K33164466-10.0,0.0005399590120906342,0.47842861197213854,IFRD2;COL6A2;RENBP;ARFGAP1,
sarcomatoid urothelial carcinoma,reversal,LINCS_L1000_Chem_Pert_down,4,LJP006 PC3 24H-MK-2206-10,0.0006062085410965901,0.47842861197213854,P4HA2;COL6A2;CD320,
sarcomatoid urothelial carcinoma,reversal,LINCS_L1000_Chem_Pert_down,5,LJP006 BT20 24H-palbociclib-3.33,0.0006559273209200243,0.47842861197213854,TEAD4;CDKN2C;PSRC1;CDCA3;WHSC1,palbociclib
sarcomatoid urothelial carcinoma,reversal,LINCS_L1000_Chem_Pert_down,6,CPC006 SW620 6H-b675700.cdx-0.04,0.0007794006020283518,0.47842861197213854,CSF1;P4HA2;IFRD2;COL6A2,
sarcomatoid urothelial carcinoma,reversal,LINCS_L1000_Chem_Pert_down,7,LJP006 HME1 3H-mitoxantrone-1.11,0.0008086445561002566,0.47842861197213854,PSRC1;MME;PDGFA,
sarcomatoid urothelial carcinoma,reversal,LINCS_L1000_Chem_Pert_down,8,LJP006 PC3 24H-palbociclib-10,0.0008099579018219373,0.47842861197213854,CDKN2C;PSRC1;CDCA3;WHSC1,palbociclib
sarcomatoid urothelial carcinoma,reversal,LINCS_L1000_Chem_Pert_down,9,LJP006 MDAMB231 24H-XMD-1150-10,0.000999151591782653,0.47842861197213854,CDKN2C;CDCA3;SLC43A3;COL6A2;WHSC1,
sarcomatoid urothelial carcinoma,reversal,LINCS_L1000_Chem_Pert_down,10,CPC015 A549 24H-hydrocortisone-10.0,0.0010113137816671746,0.47842861197213854,COL6A2;LST1;SLC3A2;CD320,
sarcomatoid urothelial carcinoma,reversal,LINCS_L1000_Chem_Pert_down,11,LJP009 MCF7 24H-JWE-035-3.33,0.0010479929742907067,0.47842861197213854,CDKN2C;PSRC1;CDCA3;IFRD2,
sarcomatoid urothelial carcinoma,reversal,LINCS_L1000_Chem_Pert_down,12,LJP005 HT29 24H-AS-601245-3.33,0.0011161253562423225,0.47842861197213854,MME;IFRD2;COL6A2,
sarcomatoid urothelial carcinoma,reversal,LINCS_L1000_Chem_Pert_down,13,LJP006 A375 24H-palbociclib-0.37,0.0011241392289890444,0.47842861197213854,CDKN2C;PSRC1;CDCA3;WHSC1,palbociclib
sarcomatoid urothelial carcinoma,reversal,LINCS_L1000_Chem_Pert_down,14,LJP006 MDAMB231 24H-XMD11-85H-10,0.0011241392289890444,0.47842861197213854,CDKN2C;CDCA3;SLC43A3;WHSC1,
sarcomatoid urothelial carcinoma,reversal,LINCS_L1000_Chem_Pert_down,15,LJP006 MDAMB231 24H-BI-2536-3.33,0.0011636315447141107,0.47842861197213854,CDKN2C;CDCA3;SLC43A3;IFRD2,
sarcomatoid urothelial carcinoma,reversal,LINCS_L1000_Chem_Pert_down,16,LJP005 MCF7 3H-crizotinib-3.33,0.001331591523536178,0.47842861197213854,MME;IFRD2;PDGFA,
sarcomatoid urothelial carcinoma,reversal,LINCS_L1000_Chem_Pert_down,17,LJP006 A375 24H-BI-2536-10,0.0014212484977278058,0.47842861197213854,CDKN2C;PSRC1;CDCA3;IFRD2,
sarcomatoid urothelial carcinoma,reversal,LINCS_L1000_Chem_Pert_down,18,CPC013 HEPG2 6H-BRD-K37340241-10.0,0.0017456145077197297,0.47842861197213854,IFRD2;COL6A2;ARFGAP1,
sarcomatoid urothelial carcinoma,reversal,LINCS_L1000_Chem_Pert_down,19,LJP005 BT20 3H-YM-201636-1.11,0.0018081168721341115,0.47842861197213854,IFRD2;MAP1B,
sarcomatoid urothelial carcinoma,reversal,LINCS_L1000_Chem_Pert_down,20,LJP008 HA1E 24H-pracinostat-10,0.0020636704940344137,0.47842861197213854,TEAD4;MME;IFRD2;COL6A2;PDGFA,
sarcomatoid urothelial carcinoma,reversal,LINCS_L1000_Chem_Pert_down,21,LJP006 MDAMB231 24H-saracatinib-10,0.0021287985214251126,0.47842861197213854,TEAD4;CDCA3;COL6A2,
sarcomatoid urothelial carcinoma,reversal,LINCS_L1000_Chem_Pert_down,22,LJP007 HA1E 24H-TPCA-1-1.11,0.0021287985214251126,0.47842861197213854,P4HA2;MAP1B;IRF7,
sarcomatoid urothelial carcinoma,reversal,LINCS_L1000_Chem_Pert_down,23,LJP006 BT20 24H-palbociclib-0.04,0.0024478928071568324,0.47842861197213854,PSRC1;CDCA3;COL6A2,palbociclib
sarcomatoid urothelial carcinoma,reversal,LINCS_L1000_Chem_Pert_down,24,LJP006 HME1 24H-palbociclib-0.37,0.0024964687917206825,0.47842861197213854,CDKN2C;PSRC1;CDCA3;WHSC1,palbociclib
sarcomatoid urothelial carcinoma,reversal,LINCS_L1000_Chem_Pert_down,25,CPC006 NCIH1836 6H-cay10618-10.0,0.0025604640021543393,0.47842861197213854,COL6A2;LST1;CD320,
sarcomatoid urothelial carcinoma,reversal,LINCS_L1000_Chem_Pert_down,26,LJP005 HA1E 24H-geldanamycin-10,0.002778564766349544,0.47842861197213854,IFRD2;COL6A2;MAP1B;PDGFA,
sarcomatoid urothelial carcinoma,reversal,LINCS_L1000_Chem_Pert_down,27,LJP006 BT20 24H-WZ-4-145-0.37,0.0027950958671545843,0.47842861197213854,SLC43A3;IFRD2;MAP1B,
sarcomatoid urothelial carcinoma,reversal,LINCS_L1000_Chem_Pert_down,28,LJP005 HT29 24H-SB590885-3.33,0.0028523600125465627,0.47842861197213854,PSRC1;CDCA3;IFRD2;CD320,
sarcomatoid urothelial carcinoma,reversal,LINCS_L1000_Chem_Pert_down,29,LJP006 MCF10A 24H-OSI-027-0.37,0.0029172146011053825,0.47842861197213854,PSRC1;CDCA3;CD320,
sarcomatoid urothelial carcinoma,reversal,LINCS_L1000_Chem_Pert_down,30,LJP006 PC3 24H-palbociclib-3.33,0.0030425730309443064,0.47842861197213854,PSRC1;CDKN2C;WHSC1,palbociclib
sarcomatoid urothelial carcinoma,reversal,LINCS_L1000_Chem_Pert_down,31,LJP005 HA1E 24H-geldanamycin-0.37,0.003081786560588913,0.47842861197213854,IFRD2;COL6A2;MAP1B;DSE,
sarcomatoid urothelial carcinoma,reversal,LINCS_L1000_Chem_Pert_down,32,CPC018 NPC 24H-fexaramine-10.0,0.003303119328525365,0.47842861197213854,CTSL1;PRKX;ARFGAP1,
sarcomatoid urothelial carcinoma,reversal,LINCS_L1000_Chem_Pert_down,33,LJP006 HCC515 24H-palbociclib-3.33,0.0038451657903962886,0.47842861197213854,CDKN2C;PSRC1;CDCA3;WHSC1,palbociclib
sarcomatoid urothelial carcinoma,reversal,LINCS_L1000_Chem_Pert_down,34,LJP007 MCF7 24H-XMD-885-10,0.0038451657903962886,0.47842861197213854,CDKN2C;PSRC1;IFRD2;COL6A2,
sarcomatoid urothelial carcinoma,reversal,LINCS_L1000_Chem_Pert_down,35,LJP008 MCF7 24H-CX-5461-3.33,0.0039018419094564607,0.47842861197213854,MME;IFRD2,
sarcomatoid urothelial carcinoma,reversal,LINCS_L1000_Chem_Pert_down,36,CPC017 HEPG2 6H-fccp-10.0,0.004013057148453636,0.47842861197213854,IFRD2;RENBP;CD320,
sarcomatoid urothelial carcinoma,reversal,LINCS_L1000_Chem_Pert_down,37,LJP006 HS578T 24H-palbociclib-10,0.004030694023933465,0.47842861197213854,CDKN2C;CDCA3;IFRD2;WHSC1,palbociclib
sarcomatoid urothelial carcinoma,reversal,LINCS_L1000_Chem_Pert_down,38,CPC003 VCAP 24H-nnc 55-0396 dihydrochloride-10.0,0.004165288083154044,0.47842861197213854,P4HA2;SLC3A2;CD320,
sarcomatoid urothelial carcinoma,reversal,LINCS_L1000_Chem_Pert_down,39,LJP006 HME1 24H-WZ-4-145-3.33,0.004222195745086029,0.47842861197213854,PSRC1;CDCA3;IFRD2;WHSC1,
sarcomatoid urothelial carcinoma,reversal,LINCS_L1000_Chem_Pert_down,40,LJP005 HCC515 24H-SB590885-10,0.00426169712968506,0.47842861197213854,CDKN2C;IFRD2,
sarcomatoid urothelial carcinoma,reversal,LINCS_L1000_Chem_Pert_down,41,LJP005 HS578T 24H-PF-431396-0.37,0.00426169712968506,0.47842861197213854,MME;IFRD2,
sarcomatoid urothelial carcinoma,reversal,LINCS_L1000_Chem_Pert_down,42,LJP005 PC3 24H-PF-431396-3.33,0.00426169712968506,0.47842861197213854,PSRC1;IFRD2,
sarcomatoid urothelial carcinoma,reversal,LINCS_L1000_Chem_Pert_down,43,LJP006 SKBR3 24H-JW-7-24-1-3.33,0.004480185915123631,0.47842861197213854,CDKN2C;CDCA3;WHSC1,
sarcomatoid urothelial carcinoma,reversal,LINCS_L1000_Chem_Pert_down,44,LJP006 MDAMB231 24H-palbociclib-10,0.0045208427021654115,0.47842861197213854,CDKN2C;CDCA3;SLC43A3;WHSC1,palbociclib
sarcomatoid urothelial carcinoma,reversal,LINCS_L1000_Chem_Pert_down,45,LJP005 SKBR3 24H-torin-2-10,0.004623474110008823,0.47842861197213854,CDKN2C;CDCA3;WHSC1;DBN1,
sarcomatoid urothelial carcinoma,reversal,LINCS_L1000_Chem_Pert_down,46,LJP006 LNCAP 24H-radicicol-3.33,0.004623474110008823,0.47842861197213854,PSRC1;CDCA3;WHSC1;CD320,
sarcomatoid urothelial carcinoma,reversal,LINCS_L1000_Chem_Pert_down,47,LJP005 PC3 24H-PF-477736-10,0.004642898789618039,0.47842861197213854,MME;MAP1B;WHSC1,
sarcomatoid urothelial carcinoma,reversal,LINCS_L1000_Chem_Pert_down,48,LJP006 MCF10A 24H-BI-2536-3.33,0.004978963849802725,0.47842861197213854,CDKN2C;SLC43A3;IFRD2,
sarcomatoid urothelial carcinoma,reversal,LINCS_L1000_Chem_Pert_down,49,LJP007 HT29 24H-PD-0325901-0.12,0.005049700888294293,0.47842861197213854,PSRC1;SLC43A3;IFRD2;CD320,
sarcomatoid urothelial carcinoma,reversal,LINCS_L1000_Chem_Pert_down,50,LJP008 HA1E 24H-belinostat-0.37,0.005152359193112928,0.47842861197213854,CDKN2C;COL6A2;PDGFA,
sarcomatoid urothelial carcinoma,reversal,LINCS_L1000_Chem_Pert_down,51,LJP006 HA1E 24H-ZSTK-474-0.37,0.005152359193112928,0.47842861197213854,G6PD;P4HA2;MAP1B,
sarcomatoid urothelial carcinoma,reversal,LINCS_L1000_Chem_Pert_down,52,LJP006 PC3 24H-AZD-5438-3.33,0.005509979953785306,0.47842861197213854,PSRC1;CDKN2C;CDCA3,
sarcomatoid urothelial carcinoma,reversal,LINCS_L1000_Chem_Pert_down,53,CPC006 U937 6H-nsc 95397-10.0,0.0056942457878069695,0.47842861197213854,IFRD2;COL6A2;SLC3A2,
sarcomatoid urothelial carcinoma,reversal,LINCS_L1000_Chem_Pert_down,54,LJP007 HA1E 24H-tivantinib-3.33,0.0056942457878069695,0.47842861197213854,MME;P4HA2;LST1,
sarcomatoid urothelial carcinoma,reversal,LINCS_L1000_Chem_Pert_down,55,LJP005 MCF7 24H-BYL719-1.11,0.005847770878483207,0.47842861197213854,P4HA2;IFRD2,
sarcomatoid urothelial carcinoma,reversal,LINCS_L1000_Chem_Pert_down,56,LJP006 SKBR3 24H-afatinib-0.12,0.005882174788802779,0.47842861197213854,CDCA3;IFRD2;COL6A2,
sarcomatoid urothelial carcinoma,reversal,LINCS_L1000_Chem_Pert_down,57,LJP006 MCF10A 24H-selumetinib-1.11,0.006103453424578218,0.47842861197213854,CDKN2C;PSRC1;CDCA3;WHSC1,
sarcomatoid urothelial carcinoma,reversal,LINCS_L1000_Chem_Pert_down,58,LJP007 MCF7 24H-TPCA-1-10,0.006280312461061223,0.47842861197213854,IFRD2;COL6A2,
sarcomatoid urothelial carcinoma,reversal,LINCS_L1000_Chem_Pert_down,59,LJP006 HCC515 24H-PHA-793887-1.11,0.006356004328907877,0.47842861197213854,PSRC1;CDCA3;COL6A2;WHSC1,
sarcomatoid urothelial carcinoma,reversal,LINCS_L1000_Chem_Pert_down,60,LJP005 HCC515 24H-PD-0325901-1.11,0.0064681295604808705,0.47842861197213854,CDKN2C;CDCA3;IFRD2,
sarcomatoid urothelial carcinoma,mimicry (control),LINCS_L1000_Chem_Pert_up,1,LJP006 HT29 24H-afatinib-10,2.1959783274500393e-05,0.17651273796043415,CTSL1;G6PD;P4HA2;MAP1B;SLC3A2;MAD1L1,
sarcomatoid urothelial carcinoma,mimicry (control),LINCS_L1000_Chem_Pert_up,2,CPC013 NPC 24H-s1175-10.0,0.00011560842532026919,0.35320294755864845,CTSL1;DHX30;P4HA2;PRKX;ZKSCAN5,
sarcomatoid urothelial carcinoma,mimicry (control),LINCS_L1000_Chem_Pert_up,3,LJP009 HEPG2 24H-dasatinib-10,0.00013182493688429278,0.35320294755864845,CTSL1;MME;PDGFA;SLC3A2,
sarcomatoid urothelial carcinoma,mimicry (control),LINCS_L1000_Chem_Pert_up,4,LJP007 HA1E 24H-TPCA-1-10,0.0003757782754892695,0.5222178353354567,G6PD;CDKN2C;PDGFA;SLC3A2,
sarcomatoid urothelial carcinoma,mimicry (control),LINCS_L1000_Chem_Pert_up,5,LJP006 HCC515 24H-afatinib-10,0.0005533507007496785,0.5222178353354567,CTSL1;G6PD;P4HA2;SLC3A2;MAD1L1,
sarcomatoid urothelial carcinoma,mimicry (control),LINCS_L1000_Chem_Pert_up,6,LJP008 HEPG2 24H-methylstat-10,0.0006652861797405717,0.5222178353354567,CTSL1;MAP1B;PDGFA;SLC3A2,
sarcomatoid urothelial carcinoma,mimicry (control),LINCS_L1000_Chem_Pert_up,7,LJP009 HT29 24H-chelerythrine chloride-10,0.0006926227437432815,0.5222178353354567,CTSL1;CDKN2C;IRF7;SLC3A2,
sarcomatoid urothelial carcinoma,mimicry (control),LINCS_L1000_Chem_Pert_up,8,LJP006 HEPG2 24H-canertinib-10,0.0007496673734677148,0.5222178353354567,CTSL1;G6PD;MAP1B;SLC3A2,
sarcomatoid urothelial carcinoma,mimicry (control),LINCS_L1000_Chem_Pert_up,9,LJP006 HT29 24H-celastrol-3.33,0.0009855857097339333,0.5222178353354567,CTSL1;G6PD;SLC3A2,
sarcomatoid urothelial carcinoma,mimicry (control),LINCS_L1000_Chem_Pert_up,10,LJP005 HCC515 24H-withaferin-a-1.11,0.001049570949771941,0.5222178353354567,CTSL1;COL6A2;MAP1B,
sarcomatoid urothelial carcinoma,mimicry (control),LINCS_L1000_Chem_Pert_up,11,LJP005 HEPG2 24H-erlotinib-10,0.0011852880325503546,0.5222178353354567,PHC2;MME;MAP1B,erlotinib
sarcomatoid urothelial carcinoma,mimicry (control),LINCS_L1000_Chem_Pert_up,12,LJP007 HA1E 24H-bosutinib-3.33,0.0012570974643791543,0.5222178353354567,IFRD2;PDGFA;SLC3A2,
sarcomatoid urothelial carcinoma,mimicry (control),LINCS_L1000_Chem_Pert_up,13,LJP008 HCC515 24H-CGK-733-10,0.0012879366423818566,0.5222178353354567,CTSL1;MAP1B;PDGFA;SLC3A2,
sarcomatoid urothelial carcinoma,mimicry (control),LINCS_L1000_Chem_Pert_up,14,LJP006 HCC515 24H-celastrol-3.33,0.0016135944084565259,0.5222178353354567,CTSL1;G6PD;P4HA2;SLC3A2,
sarcomatoid urothelial carcinoma,mimicry (control),LINCS_L1000_Chem_Pert_up,15,CPC017 ASC 24H-jak3 inhibitor vi-10.0,0.0016571503162161906,0.5222178353354567,P4HA2;ZKSCAN5;ARFGAP1,
sarcomatoid urothelial carcinoma,mimicry (control),LINCS_L1000_Chem_Pert_up,16,LJP007 HEPG2 24H-amuvatinib-10,0.0017162483931174011,0.5222178353354567,CTSL1;MAP1B;DSE;PDGFA,
sarcomatoid urothelial carcinoma,mimicry (control),LINCS_L1000_Chem_Pert_up,17,LJP009 HEPG2 24H-JWE-035-10,0.001935016425930071,0.5222178353354567,G6PD;MME;MAP1B;DBN1,
sarcomatoid urothelial carcinoma,mimicry (control),LINCS_L1000_Chem_Pert_up,18,LJP006 HEPG2 24H-afatinib-10,0.002028537114054332,0.5222178353354567,CTSL1;G6PD;SLC3A2,
sarcomatoid urothelial carcinoma,mimicry (control),LINCS_L1000_Chem_Pert_up,19,CPC006 A549 24H-tg101348-11.1,0.0021287985214251126,0.5222178353354567,P4HA2;ELP4;GALNT10,
sarcomatoid urothelial carcinoma,mimicry (control),LINCS_L1000_Chem_Pert_up,20,LJP005 BT20 24H-SB590885-1.11,0.0021287985214251126,0.5222178353354567,SLC43A3;IFRD2;COL6A2,
sarcomatoid urothelial carcinoma,mimicry (control),LINCS_L1000_Chem_Pert_up,21,LJP008 A375 24H-mocetinostat-1.11,0.0021287985214251126,0.5222178353354567,G6PD;P4HA2;MAP1B,
sarcomatoid urothelial carcinoma,mimicry (control),LINCS_L1000_Chem_Pert_up,22,LJP005 HA1E 24H-neratinib-3.33,0.002232090715723693,0.5222178353354567,MME;SLC43A3;SLC3A2,
sarcomatoid urothelial carcinoma,mimicry (control),LINCS_L1000_Chem_Pert_up,23,CPC001 HCC515 6H-gw 583340 dihydrochloride-10.0,0.002338445170286118,0.5222178353354567,SLC3A2;ZKSCAN5;RENBP,
sarcomatoid urothelial carcinoma,mimicry (control),LINCS_L1000_Chem_Pert_up,24,CPC013 A375 6H-BRD-K83336168-10.0,0.0024478928071568324,0.5222178353354567,CTSL1;PRKX;RENBP,
sarcomatoid urothelial carcinoma,mimicry (control),LINCS_L1000_Chem_Pert_up,25,LJP005 HEPG2 24H-radicicol-3.33,0.0024964687917206825,0.5222178353354567,CTSL1;G6PD;MME;P4HA2,
sarcomatoid urothelial carcinoma,mimicry (control),LINCS_L1000_Chem_Pert_up,26,CPC006 NCIH508 6H-bms-536924-11.1,0.0025604640021543393,0.5222178353354567,PQLC1;ZKSCAN5;RENBP,
sarcomatoid urothelial carcinoma,mimicry (control),LINCS_L1000_Chem_Pert_up,27,LJP009 MCF7 24H-JNK-IN-5A-0.37,0.0026761885894795987,0.5222178353354567,CTSL1;IFRD2;MAP1B,
sarcomatoid urothelial carcinoma,mimicry (control),LINCS_L1000_Chem_Pert_up,28,CPC019 A375 6H-BRD-K57678861-10.0,0.0029123453344535267,0.5222178353354567,PSRC1;ARFGAP1,
sarcomatoid urothelial carcinoma,mimicry (control),LINCS_L1000_Chem_Pert_up,29,LJP008 HT29 24H-methylstat-10,0.0029172146011053825,0.5222178353354567,CTSL1;MAP1B;SLC3A2,
sarcomatoid urothelial carcinoma,mimicry (control),LINCS_L1000_Chem_Pert_up,30,LJP006 MCF7 24H-celastrol-3.33,0.0029274875270976844,0.5222178353354567,P4HA2;COL6A2;MAP1B;SLC3A2,
sarcomatoid urothelial carcinoma,mimicry (control),LINCS_L1000_Chem_Pert_up,31,CPC003 HCC515 6H-hoechst  33342 (cell permeable) (bisbenzimide)-10.0,0.0030425730309443064,0.5222178353354567,LST1;ELP4;CD320,
sarcomatoid urothelial carcinoma,mimicry (control),LINCS_L1000_Chem_Pert_up,32,CPC002 HCC515 24H-sp 600125-10.0,0.0034383610832529024,0.5222178353354567,SLC3A2;ELP4;RENBP,
sarcomatoid urothelial carcinoma,mimicry (control),LINCS_L1000_Chem_Pert_up,33,LJP005 HT29 24H-radicicol-10,0.0035769503158224153,0.5222178353354567,CTSL1;G6PD;MAP1B,
sarcomatoid urothelial carcinoma,mimicry (control),LINCS_L1000_Chem_Pert_up,34,LJP006 MCF10A 24H-AT-7519-0.37,0.0035769503158224153,0.5222178353354567,MME;P4HA2;COL6A2,
sarcomatoid urothelial carcinoma,mimicry (control),LINCS_L1000_Chem_Pert_up,35,LJP006 HEPG2 24H-sorafenib-10,0.0038642734193652505,0.5222178353354567,MAP1B;PDGFA;SLC3A2,
sarcomatoid urothelial carcinoma,mimicry (control),LINCS_L1000_Chem_Pert_up,36,LJP006 HME1 24H-sirolimus-1.11,0.0038642734193652505,0.5222178353354567,P4HA2;MAP1B;DSE,
sarcomatoid urothelial carcinoma,mimicry (control),LINCS_L1000_Chem_Pert_up,37,CPC014 VCAP 24H-hy-70061-10.0,0.0039018419094564607,0.5222178353354567,P4HA2;RENBP,
sarcomatoid urothelial carcinoma,mimicry (control),LINCS_L1000_Chem_Pert_up,38,LJP008 HA1E 24H-C646-10,0.004013057148453636,0.5222178353354567,CTSL1;MME;MAP1B,
sarcomatoid urothelial carcinoma,mimicry (control),LINCS_L1000_Chem_Pert_up,39,LJP009 HEPG2 24H-ON-01910-10,0.004013057148453636,0.5222178353354567,MAP1B;DSE;DBN1,
sarcomatoid urothelial carcinoma,mimicry (control),LINCS_L1000_Chem_Pert_up,40,LJP006 HCC515 24H-withaferin-a-3.33,0.004013057148453636,0.5222178353354567,CTSL1;G6PD;P4HA2,
sarcomatoid urothelial carcinoma,mimicry (control),LINCS_L1000_Chem_Pert_up,41,CPC016 A375 6H-pi 828-10.0,0.00426169712968506,0.5222178353354567,P4HA2;ARFGAP1,
sarcomatoid urothelial carcinoma,mimicry (control),LINCS_L1000_Chem_Pert_up,42,LJP009 HEPG2 24H-dabrafenib-1.11,0.004320989929509312,0.5222178353354567,MAP1B;PDGFA;SLC3A2,
sarcomatoid urothelial carcinoma,mimicry (control),LINCS_L1000_Chem_Pert_up,43,LJP006 MCF7 24H-withaferin-a-1.11,0.004480185915123631,0.5222178353354567,G6PD;P4HA2;MAP1B,
sarcomatoid urothelial carcinoma,mimicry (control),LINCS_L1000_Chem_Pert_up,44,CPC017 HEPG2 6H-bapta-am-10.0,0.004642898789618039,0.5222178353354567,P4HA2;SLC3A2;ARFGAP1,
sarcomatoid urothelial carcinoma,mimicry (control),LINCS_L1000_Chem_Pert_up,45,CPC006 MCF7 6H-BRD-K31342827-12.12,0.004809150831254796,0.5222178353354567,P4HA2;LST1;ELP4,
sarcomatoid urothelial carcinoma,mimicry (control),LINCS_L1000_Chem_Pert_up,46,LJP008 HCC515 24H-methylstat-10,0.004940767546443419,0.5222178353354567,CTSL1;P4HA2;COL6A2;MAP1B,
sarcomatoid urothelial carcinoma,mimicry (control),LINCS_L1000_Chem_Pert_up,47,CPC006 A549 6H-7b-cis-10.0,0.004978963849802725,0.5222178353354567,P4HA2;SLC3A2;ELP4,
sarcomatoid urothelial carcinoma,mimicry (control),LINCS_L1000_Chem_Pert_up,48,LJP005 HT29 24H-withaferin-a-3.33,0.004978963849802725,0.5222178353354567,CTSL1;G6PD;SLC3A2,
sarcomatoid urothelial carcinoma,mimicry (control),LINCS_L1000_Chem_Pert_up,49,LJP008 A549 24H-CGK-733-10,0.005152359193112928,0.5222178353354567,MME;MAP1B;PDGFA,
sarcomatoid urothelial carcinoma,mimicry (control),LINCS_L1000_Chem_Pert_up,50,CPC013 NPC 24H-BRD-K76236182-10.0,0.005152359193112928,0.5222178353354567,CTSL1;P4HA2;ARFGAP1,
sarcomatoid urothelial carcinoma,mimicry (control),LINCS_L1000_Chem_Pert_up,51,LJP006 HT29 24H-GSK-2126458-10,0.005272384675451892,0.5222178353354567,CTSL1;P4HA2;MAP1B;PDGFA,
sarcomatoid urothelial carcinoma,mimicry (control),LINCS_L1000_Chem_Pert_up,52,LJP008 PC3 24H-entinostat-0.04,0.005329357750061992,0.5222178353354567,MME;MAP1B;PDGFA,
sarcomatoid urothelial carcinoma,mimicry (control),LINCS_L1000_Chem_Pert_up,53,LJP006 MCF10A 3H-celastrol-1.11,0.005329357750061992,0.5222178353354567,P4HA2;COL6A2;MAP1B,
sarcomatoid urothelial carcinoma,mimicry (control),LINCS_L1000_Chem_Pert_up,54,LJP007 HT29 24H-dacomitinib-10,0.005329357750061992,0.5222178353354567,CTSL1;G6PD;P4HA2,
sarcomatoid urothelial carcinoma,mimicry (control),LINCS_L1000_Chem_Pert_up,55,CPC020 VCAP 24H-tizanidine hcl-10.0,0.005429511342795264,0.5222178353354567,ZKSCAN5;RENBP,
sarcomatoid urothelial carcinoma,mimicry (control),LINCS_L1000_Chem_Pert_up,56,LJP005 HCC515 24H-neratinib-1.11,0.0056942457878069695,0.5222178353354567,P4HA2;MAP1B;SLC3A2,
sarcomatoid urothelial carcinoma,mimicry (control),LINCS_L1000_Chem_Pert_up,57,LJP008 HEPG2 24H-MK-1775-1.11,0.005882174788802779,0.5222178353354567,MME;MAP1B;PDGFA,
sarcomatoid urothelial carcinoma,mimicry (control),LINCS_L1000_Chem_Pert_up,58,LJP006 BT20 24H-QL-XII-47-0.12,0.006228876382236179,0.5222178353354567,SLC43A3;COL6A2;MAP1B;SLC3A2,
sarcomatoid urothelial carcinoma,mimicry (control),LINCS_L1000_Chem_Pert_up,59,CPC009 PC3 24H-BRD-K14939371-10.0,0.006280312461061223,0.5222178353354567,P4HA2;LST1,
sarcomatoid urothelial carcinoma,mimicry (control),LINCS_L1000_Chem_Pert_up,60,LJP009 HA1E 24H-KIN001-220-10,0.0064681295604808705,0.5222178353354567,MME;PDGFA;SLC3A2,
SCBC ASCL1+,reversal,LINCS_L1000_Chem_Pert_down,1,LJP007 PC3 24H-DCC-2036-10,5.331711829759195e-07,0.0025985645231603855,ALCAM;TSPAN8;GDF15;CEACAM5;KRT15;TFF3;HOXB7,
SCBC ASCL1+,reversal,LINCS_L1000_Chem_Pert_down,2,LJP005 MDAMB231 3H-PD-184352-0.04,5.50498164256854e-07,0.0025985645231603855,DDC;ALCAM;CLDN3;GCH1;KRT15;ETS2,
SCBC ASCL1+,reversal,LINCS_L1000_Chem_Pert_down,3,LJP005 SKBR3 3H-TG-101348-3.33,6.653886624685179e-07,0.0025985645231603855,ALCAM;CLDN3;CEACAM5;KRT15;KIAA1324;TFF3;AGR2;DNAJC12,
SCBC ASCL1+,reversal,LINCS_L1000_Chem_Pert_down,4,LJP005 SKBR3 24H-CGP-60474-3.33,1.2468168007108093e-06,0.0036519264092819605,ALCAM;TSPAN8;GCH1;CEACAM5;TFF3;DNAJC12;SPINT2;ETS2,
SCBC ASCL1+,reversal,LINCS_L1000_Chem_Pert_down,5,LJP005 SKBR3 24H-dovitinib-10,2.816985372333226e-06,0.006600760124451215,NPDC1;TSPAN13;KRT15;SCNN1A;KIAA1324;NR2F1;TFF3;AGR2,
SCBC ASCL1+,reversal,LINCS_L1000_Chem_Pert_down,6,LJP006 PC3 24H-radicicol-0.12,6.93327007795315e-06,0.013538365372216518,DDC;TSPAN8;CEACAM5;AGR2;TFF3,
SCBC ASCL1+,reversal,LINCS_L1000_Chem_Pert_down,7,LJP005 MCF10A 3H-geldanamycin-1.11,1.0401275737803092e-05,0.0169754638429033,RGS17;TSPAN8;GDF15;CEACAM5;TFF3;ETS2,
SCBC ASCL1+,reversal,LINCS_L1000_Chem_Pert_down,8,LJP005 BT20 3H-trametinib-10,1.2720877099784295e-05,0.0169754638429033,TSPAN13;GCH1;CEACAM5;SCNN1A;TFF3,
SCBC ASCL1+,reversal,LINCS_L1000_Chem_Pert_down,9,LJP008 MCF7 24H-azacitidine-10,1.3429384470149625e-05,0.0169754638429033,ALCAM;CLDN3;TSPAN13;SCNN1A;NR2F1;AGR2;DNAJC12,azacitidine
SCBC ASCL1+,reversal,LINCS_L1000_Chem_Pert_down,10,LJP005 SKBR3 24H-mitoxantrone-1.11,1.5344885036126882e-05,0.0169754638429033,NPDC1;ALCAM;TSPAN13;TFF3;AGR2;HOXB6,
SCBC ASCL1+,reversal,LINCS_L1000_Chem_Pert_down,11,LJP005 A549 24H-withaferin-a-0.04,1.593804218777196e-05,0.0169754638429033,TSPAN8;SYT1;GDF15;NR2F1;TFF3;AGR2;KIAA1199,
SCBC ASCL1+,reversal,LINCS_L1000_Chem_Pert_down,12,LJP006 HS578T 24H-PHA-793887-0.37,1.9122220962752528e-05,0.01866966173330072,SYT1;CEACAM5;TBC1D8;TFF3;KIAA1199;HOXB7,
SCBC ASCL1+,reversal,LINCS_L1000_Chem_Pert_down,13,LJP008 A549 24H-azacitidine-3.33,2.8829726098755287e-05,0.02308295527328473,TSPAN13;BAMBI;ID2;AGR2,azacitidine
SCBC ASCL1+,reversal,LINCS_L1000_Chem_Pert_down,14,LJP006 A549 24H-JNK-9L-0.37,2.8922808714264733e-05,0.02308295527328473,CLDN3;SYT1;BAMBI;ID2;NR2F1;DNAJC12,
SCBC ASCL1+,reversal,LINCS_L1000_Chem_Pert_down,15,LJP006 HS578T 24H-QL-XII-47-3.33,2.9553117881467303e-05,0.02308295527328473,TSPAN13;TNNT1;CEACAM5;NKX2-1;DNAJC12;FRY;ASCL1;NUCB2,
SCBC ASCL1+,reversal,LINCS_L1000_Chem_Pert_down,16,LJP009 A549 24H-ON-01910-3.33,3.1982282994140274e-05,0.023419026722459216,TSPAN8;BAMBI;CEACAM5;AGR2;DNAJC12,
SCBC ASCL1+,reversal,LINCS_L1000_Chem_Pert_down,17,LJP006 LNCAP 24H-A443654-1.11,3.676423640310218e-05,0.024957894302496984,ALCAM;TSPAN13;TSPAN8;SYT1;TFF3;SPINT2;ETS2,
SCBC ASCL1+,reversal,LINCS_L1000_Chem_Pert_down,18,LJP008 HT29 24H-I-BET-1.11,3.8344323783283175e-05,0.024957894302496984,TSPAN8;CEACAM5;KIAA1199;HOXB7;ETS2,
SCBC ASCL1+,reversal,LINCS_L1000_Chem_Pert_down,19,LJP005 SKBR3 24H-GSK-690693-10,4.564496620072376e-05,0.028146127579351556,DDC;TSPAN13;PERP;SPINT2;KIAA1199,
SCBC ASCL1+,reversal,LINCS_L1000_Chem_Pert_down,20,LJP005 SKBR3 24H-CGP-60474-0.12,5.713632897628446e-05,0.03347046151430744,ALCAM;CLDN3;TSPAN13;DNAJC12;SPINT2;ETS2,
SCBC ASCL1+,reversal,LINCS_L1000_Chem_Pert_down,21,LJP009 PC3 24H-ON-01910-1.11,6.0520794465711313e-05,0.0337648394266797,TSPAN13;TSPAN8;SYT1;SCNN1A;TFF3;AGR2,
SCBC ASCL1+,reversal,LINCS_L1000_Chem_Pert_down,22,LJP005 MCF10A 3H-geldanamycin-0.04,6.343692368872495e-05,0.033783045360777336,GDF15;CEACAM5;TFF3;FRY;ETS2,
SCBC ASCL1+,reversal,LINCS_L1000_Chem_Pert_down,23,LJP005 BT20 3H-trametinib-3.33,7.601048278474527e-05,0.03861142128983076,ALCAM;GDF15;CEACAM5;DNAJC12,
SCBC ASCL1+,reversal,LINCS_L1000_Chem_Pert_down,24,LJP009 PC3 24H-ON-01910-10,7.996666752292113e-05,0.03861142128983076,TSPAN8;SYT1;PERP;SCNN1A;AGR2,
SCBC ASCL1+,reversal,LINCS_L1000_Chem_Pert_down,25,LJP006 A549 24H-ZSTK-474-0.12,8.56859810119153e-05,0.03861142128983076,DDC;AGR2;TFF3;KIAA1199,
SCBC ASCL1+,reversal,LINCS_L1000_Chem_Pert_down,26,LJP006 LNCAP 3H-GSK-2126458-0.04,8.56859810119153e-05,0.03861142128983076,DDC;GDF15;SCNN1A;AGR2,
SCBC ASCL1+,reversal,LINCS_L1000_Chem_Pert_down,27,LJP005 A549 24H-pelitinib-10,9.765901457120716e-05,0.04237677832282456,ALCAM;TSPAN13;BAMBI;NR2F1;AGR2;SNCAIP;ETS2,
SCBC ASCL1+,reversal,LINCS_L1000_Chem_Pert_down,28,LJP006 MCF10A 3H-WYE-125132-1.11,0.00010767804833393148,0.045055571938583616,NPDC1;CEACAM5;AGR2;NR2F1,
SCBC ASCL1+,reversal,LINCS_L1000_Chem_Pert_down,29,LJP006 HS578T 3H-JW-7-24-1-0.04,0.00012008668954181015,0.0485150225748913,PTPRN2;SYT1;ICA1;SPINT2,
SCBC ASCL1+,reversal,LINCS_L1000_Chem_Pert_down,30,LJP006 LNCAP 3H-AZD-8055-1.11,0.00013349958031227477,0.05213603609795371,CEACAM5;TFF3;KIAA1199;ETS2,
SCBC ASCL1+,reversal,LINCS_L1000_Chem_Pert_down,31,LJP006 MCF7 24H-afatinib-10,0.0001772810225656355,0.06418032498188508,ALCAM;TSPAN13;BAMBI;NR2F1;AGR2;DNAJC12,
SCBC ASCL1+,reversal,LINCS_L1000_Chem_Pert_down,32,LJP006 A549 24H-PHA-793887-10,0.00018044014188925826,0.06418032498188508,ALCAM;TSPAN13;SYT1;ID2;CEACAM5;AGR2;HOXB7,
SCBC ASCL1+,reversal,LINCS_L1000_Chem_Pert_down,33,LJP005 MDAMB231 3H-AZD-8330-1.11,0.00018136079643140754,0.06418032498188508,GDF15;PERP;TFF3;ASCL1;ETS2,
SCBC ASCL1+,reversal,LINCS_L1000_Chem_Pert_down,34,LJP005 MCF7 24H-neratinib-1.11,0.00019815615020286602,0.06418032498188508,GCH1;CEACAM5;AGR2;KIAA1199,
SCBC ASCL1+,reversal,LINCS_L1000_Chem_Pert_down,35,LJP005 SKBR3 24H-CP466722-3.33,0.00019815615020286602,0.06418032498188508,TSPAN8;CEACAM5;ID2;RIPK4,
SCBC ASCL1+,reversal,LINCS_L1000_Chem_Pert_down,36,LJP008 MCF7 24H-MK-1775-0.04,0.00020361244604167337,0.06418032498188508,DDC;CEACAM5;AGR2,
SCBC ASCL1+,reversal,LINCS_L1000_Chem_Pert_down,37,LJP005 A549 24H-trametinib-3.33,0.0002081642496851855,0.06418032498188508,TSPAN13;GCA;SYT1;TSPAN8;GDF15;TFF3;AGR2,
SCBC ASCL1+,reversal,LINCS_L1000_Chem_Pert_down,38,LJP005 PC3 24H-LDN-193189-10,0.0002081642496851855,0.06418032498188508,ALCAM;TSPAN13;TSPAN8;PERP;NR2F1;AGR2;HOXB7,
SCBC ASCL1+,reversal,LINCS_L1000_Chem_Pert_down,39,LJP007 MCF7 24H-motesanib-10,0.00021731712578879178,0.06528429348055088,TSPAN13;AGR2;TFF3;ASCL1,
SCBC ASCL1+,reversal,LINCS_L1000_Chem_Pert_down,40,LJP007 MCF7 24H-dacomitinib-10,0.00023084974242653148,0.06761588955673106,TSPAN13;TSPAN8;AGR2;NR2F1;DNAJC12,
SCBC ASCL1+,reversal,LINCS_L1000_Chem_Pert_down,41,LJP007 PC3 24H-OTSSP167-1.11,0.0002591443847921399,0.07014115384082557,GDF15;CEACAM5;KRT15;TBC1D8;TFF3,
SCBC ASCL1+,reversal,LINCS_L1000_Chem_Pert_down,42,LJP006 MCF7 3H-KIN001-043-1.11,0.0002595862739738116,0.07014115384082557,PTPRN2;TFF3;ASCL1;HOXB7,
SCBC ASCL1+,reversal,LINCS_L1000_Chem_Pert_down,43,LJP006 SKBR3 24H-nintedanib-3.33,0.0002595862739738116,0.07014115384082557,GDF15;BAMBI;KRT15;NR2F1,
SCBC ASCL1+,reversal,LINCS_L1000_Chem_Pert_down,44,LJP008 HEPG2 24H-azacitidine-10,0.00026341846782146854,0.07014115384082557,AKR7A3;ALCAM;TSPAN13;GCH1;TNNT1;ID2,azacitidine
SCBC ASCL1+,reversal,LINCS_L1000_Chem_Pert_down,45,CPC001 VCAP 24H-sdz 21009-10.0,0.00028723056705748764,0.07228998249901612,NPDC1;HOXB8;NR0B2,
SCBC ASCL1+,reversal,LINCS_L1000_Chem_Pert_down,46,LJP005 HS578T 3H-GSK-690693-3.33,0.00028723056705748764,0.07228998249901612,TSPAN13;GCH1;ETS2,
SCBC ASCL1+,reversal,LINCS_L1000_Chem_Pert_down,47,LJP006 HME1 3H-AS-605240-3.33,0.00028999907625928284,0.07228998249901612,DDC;ALCAM;PRR15L;SCNN1A;ASCL1,
SCBC ASCL1+,reversal,LINCS_L1000_Chem_Pert_down,48,LJP009 HA1E 24H-ON-01910-10,0.0003064330442735013,0.07407319500852813,DDC;CALCA;CEACAM5;ID2;TFF3,
SCBC ASCL1+,reversal,LINCS_L1000_Chem_Pert_down,49,LJP007 PC3 24H-dinaciclib-1.11,0.00032356340028170174,0.07407319500852813,GDF15;CEACAM5;KRT15;TBC1D8;HOXB7,
SCBC ASCL1+,reversal,LINCS_L1000_Chem_Pert_down,50,LJP006 SKBR3 24H-JNK-9L-1.11,0.0003237965850117989,0.07407319500852813,ALCAM;TSPAN13;TSPAN8;ID2;KRT15;ETS2,
SCBC ASCL1+,reversal,LINCS_L1000_Chem_Pert_down,51,LJP005 MCF10A 3H-radicicol-0.12,0.00033362703085426025,0.07407319500852813,GDF15;SCNN1A;TFF3;KIAA1199,
SCBC ASCL1+,reversal,LINCS_L1000_Chem_Pert_down,52,LJP005 MCF7 24H-AS-601245-0.37,0.00033362703085426025,0.07407319500852813,ALCAM;AGR2;TFF3;DNAJC12,
SCBC ASCL1+,reversal,LINCS_L1000_Chem_Pert_down,53,LJP006 BT20 3H-GSK-2126458-0.12,0.0003362160284323273,0.07407319500852813,ALCAM;CEACAM5;TFF3,
SCBC ASCL1+,reversal,LINCS_L1000_Chem_Pert_down,54,LJP009 PC3 24H-ON-01910-0.37,0.00034140940000516553,0.07407319500852813,TSPAN13;SYT1;SCNN1A;AGR2;DNAJC12,
SCBC ASCL1+,reversal,LINCS_L1000_Chem_Pert_down,55,LJP005 SKBR3 3H-geldanamycin-0.04,0.0003613516402022837,0.07559992529660636,GCH1;TFF3;DNAJC12;HOXB6,
SCBC ASCL1+,reversal,LINCS_L1000_Chem_Pert_down,56,LJP006 SKBR3 3H-XMD-1150-1.11,0.0003613516402022837,0.07559992529660636,ALCAM;TSPAN8;TFF3;AGR2,
SCBC ASCL1+,reversal,LINCS_L1000_Chem_Pert_down,57,LJP005 SKBR3 24H-PF-431396-10,0.00037932643240787245,0.0779682189840462,ALCAM;TSPAN8;GCH1;CEACAM5;SPINT2,
SCBC ASCL1+,reversal,LINCS_L1000_Chem_Pert_down,58,LJP009 MCF7 24H-saracatinib-1.11,0.00042168324511810816,0.08373628643735177,TSPAN8;SYT1;AGR2;ASCL1,
SCBC ASCL1+,reversal,LINCS_L1000_Chem_Pert_down,59,LJP005 MDAMB231 3H-SB590885-1.11,0.00042168324511810816,0.08373628643735177,ALCAM;GDF15;SCNN1A;ASCL1,
SCBC ASCL1+,reversal,LINCS_L1000_Chem_Pert_down,60,LJP006 LNCAP 3H-GDC-0941-3.33,0.0004543965700203513,0.08822659306363967,ALCAM;PRR15L;CEACAM5;AGR2,
SCBC ASCL1+,mimicry (control),LINCS_L1000_Chem_Pert_up,1,LJP007 MCF7 24H-AT7867-3.33,5.01232137178698e-08,0.0007531514093247117,DDC;TSPAN8;GDF15;CEACAM5;AGR2;TFF3,
SCBC ASCL1+,mimicry (control),LINCS_L1000_Chem_Pert_up,2,LJP006 SKBR3 24H-afatinib-1.11,1.4325071529123562e-07,0.0010634054668547475,TNNT1;GDF15;CEACAM5;SCNN1A;KIAA1324;TFF3;AGR2,
SCBC ASCL1+,mimicry (control),LINCS_L1000_Chem_Pert_up,3,LJP006 A549 24H-dasatinib-0.12,2.2272457658385092e-07,0.0010634054668547475,TSPAN13;PERP;CEACAM5;AGR2;TFF3;DNAJC12,
SCBC ASCL1+,mimicry (control),LINCS_L1000_Chem_Pert_up,4,LJP006 SKBR3 24H-canertinib-3.33,2.830841120337408e-07,0.0010634054668547475,SYT1;SCNN1A;KIAA1324;TFF3;AGR2;KIAA1199;ASCL1;NUCB2,
SCBC ASCL1+,mimicry (control),LINCS_L1000_Chem_Pert_up,5,LJP006 SKBR3 24H-saracatinib-10,5.331711829759195e-07,0.0011109033380279946,CEACAM5;SCNN1A;KIAA1324;TFF3;AGR2;DNAJC12;NUCB2,
SCBC ASCL1+,mimicry (control),LINCS_L1000_Chem_Pert_up,6,LJP006 SKBR3 24H-PI-103-10,5.559631841214492e-07,0.0011109033380279946,GDF15;TNNT1;CEACAM5;SCNN1A;KIAA1324;TFF3;AGR2;DNAJC12;ITPR3,
SCBC ASCL1+,mimicry (control),LINCS_L1000_Chem_Pert_up,7,LJP005 SKBR3 24H-dasatinib-10,6.653886624685179e-07,0.0011109033380279946,AMACR;ID2;SCNN1A;KIAA1324;TFF3;AGR2;DNAJC12;NUCB2,
SCBC ASCL1+,mimicry (control),LINCS_L1000_Chem_Pert_up,8,LJP006 HT29 24H-geldanamycin-10,6.653886624685179e-07,0.0011109033380279946,ALCAM;CLDN3;TNNT1;CEACAM5;TFF3;AGR2;RAB17;NUCB2,
SCBC ASCL1+,mimicry (control),LINCS_L1000_Chem_Pert_up,9,LJP007 MCF7 24H-tivozanib-10,6.653886624685179e-07,0.0011109033380279946,CLDN3;TNNT1;GDF15;PERP;KRT15;SCNN1A;AGR2;SPINT2,
SCBC ASCL1+,mimicry (control),LINCS_L1000_Chem_Pert_up,10,LJP006 SKBR3 24H-lapatinib-10,7.689270735613553e-07,0.0011245981869283182,ALCAM;CLDN3;SCNN1A;KIAA1324;TFF3;AGR2;DNAJC12;NUCB2,
SCBC ASCL1+,mimicry (control),LINCS_L1000_Chem_Pert_up,11,LJP005 HEPG2 24H-NVP-AEW541-1.11,8.232783213238054e-07,0.0011245981869283182,ALCAM;TSPAN13;SCNN1A;ICA1;NKX2-1;ASCL1,
SCBC ASCL1+,mimicry (control),LINCS_L1000_Chem_Pert_up,12,LJP005 MCF7 3H-CP466722-0.12,9.394799787456235e-07,0.0011763855133859783,PTPRN2;TSPAN8;SYT1;CEACAM5;KRT15;TFF3;AGR2,
SCBC ASCL1+,mimicry (control),LINCS_L1000_Chem_Pert_up,13,LJP009 HCC515 24H-BI-2536-10,1.027525073849374e-06,0.0011876609045892842,ALCAM;AMACR;TSPAN13;SYT1;SCNN1A;TFF3;AGR2,
SCBC ASCL1+,mimicry (control),LINCS_L1000_Chem_Pert_up,14,LJP008 PC3 24H-belinostat-0.12,1.1223828533576889e-06,0.001204637482468045,TSPAN13;TSPAN8;BAMBI;ABHD2;PERP;KRT15;DNAJC12,
SCBC ASCL1+,mimicry (control),LINCS_L1000_Chem_Pert_up,15,LJP008 PC3 24H-dasatinib-10,1.224469824544443e-06,0.0012265922389069867,FOXA1;DDC;ALCAM;GCH1;CEACAM5;TFF3;AGR2,
SCBC ASCL1+,mimicry (control),LINCS_L1000_Chem_Pert_up,16,LJP006 HS578T 3H-sorafenib-3.33,1.452091007559926e-06,0.0013636949674747155,ALCAM;TSPAN13;TSPAN8;KIAA1324;TFF3;AGR2;ASCL1,
SCBC ASCL1+,mimicry (control),LINCS_L1000_Chem_Pert_up,17,LJP006 LNCAP 24H-AZD-8055-0.04,2.963350935683939e-06,0.002619253597622757,ALCAM;CLDN3;AMACR;SCNN1A;TFF3;AGR2;DNAJC12,
SCBC ASCL1+,mimicry (control),LINCS_L1000_Chem_Pert_up,18,LJP005 PC3 24H-GDC-0980-3.33,3.4019550850593006e-06,0.002839876506005614,NPDC1;ALCAM;TSPAN8;CEACAM5;SCNN1A;TBC1D8;AGR2;DNAJC12;KIAA1199,
SCBC ASCL1+,mimicry (control),LINCS_L1000_Chem_Pert_up,19,LJP007 HT29 24H-tanespimycin-10,5.611988861930631e-06,0.0044381970862826135,TSPAN13;TSPAN8;GDF15;SCNN1A;TFF3;TBC1D8;AGR2;DNAJC12;NUCB2,
SCBC ASCL1+,mimicry (control),LINCS_L1000_Chem_Pert_up,20,LJP006 SKBR3 24H-GDC-0941-3.33,6.838412768156827e-06,0.0051376995127162236,CEACAM5;PERP;KIAA1324;TFF3;AGR2;DNAJC12;KIAA1199,
SCBC ASCL1+,mimicry (control),LINCS_L1000_Chem_Pert_up,21,LJP009 MCF7 24H-JWE-035-3.33,9.383837023664457e-06,0.006321090134707421,ALCAM;GDF15;PERP;KRT15;KIAA1324;AGR2;DNAJC12,
SCBC ASCL1+,mimicry (control),LINCS_L1000_Chem_Pert_up,22,LJP007 MCF7 24H-HG-9-91-01-10,9.588472847134728e-06,0.006321090134707421,TSPAN13;PERP;TFF3;AGR2;DNAJC12;NUCB2,
SCBC ASCL1+,mimicry (control),LINCS_L1000_Chem_Pert_up,23,LJP008 MCF7 24H-belinostat-1.11,9.675567223364214e-06,0.006321090134707421,CLDN3;TSPAN13;SYT1;TNNT1;PERP;CEACAM5;AGR2;DNAJC12,
SCBC ASCL1+,mimicry (control),LINCS_L1000_Chem_Pert_up,24,LJP006 SKBR3 24H-GSK-2126458-0.37,1.0660758577006397e-05,0.00656212240229125,CLDN3;GDF15;TNNT1;CEACAM5;TFF3;AGR2;ITPR3;NUCB2,
SCBC ASCL1+,mimicry (control),LINCS_L1000_Chem_Pert_up,25,LJP005 MCF10A 24H-radicicol-0.12,1.1945950709758565e-05,0.00656212240229125,ALCAM;PRR15L;GDF15;CEACAM5;PERP;KRT15;SCNN1A,
SCBC ASCL1+,mimicry (control),LINCS_L1000_Chem_Pert_up,26,LJP005 SKBR3 24H-YM-201636-10,1.2194255511792414e-05,0.00656212240229125,PRR15L;CEACAM5;SCNN1A;KIAA1324;KIAA1199;NUCB2,
SCBC ASCL1+,mimicry (control),LINCS_L1000_Chem_Pert_up,27,LJP006 SKBR3 24H-lapatinib-1.11,1.2194255511792414e-05,0.00656212240229125,AMACR;KIAA1324;TFF3;AGR2;KIAA1199;NUCB2,
SCBC ASCL1+,mimicry (control),LINCS_L1000_Chem_Pert_up,28,LJP005 A549 24H-NVP-AUY922-0.37,1.2669702395288828e-05,0.00656212240229125,PTPRN2;TSPAN13;PERP;KRT15;SCNN1A;AGR2;DNAJC12,
SCBC ASCL1+,mimicry (control),LINCS_L1000_Chem_Pert_up,29,LJP009 PC3 24H-dasatinib-0.04,1.3180038396686352e-05,0.00656212240229125,TSPAN13;TSPAN8;CEACAM5;PERP;SCNN1A;AGR2,
SCBC ASCL1+,mimicry (control),LINCS_L1000_Chem_Pert_up,30,LJP005 PC3 24H-SU-11274-10,1.3180038396686352e-05,0.00656212240229125,TSPAN13;TNNT1;SCNN1A;TFF3;AGR2;SPINT2,
SCBC ASCL1+,mimicry (control),LINCS_L1000_Chem_Pert_up,31,LJP006 SKBR3 24H-dasatinib-10,1.4226381183983259e-05,0.00656212240229125,AMACR;SYT1;KIAA1324;TFF3;AGR2;DNAJC12;NUCB2,
SCBC ASCL1+,mimicry (control),LINCS_L1000_Chem_Pert_up,32,LJP006 PC3 24H-GDC-0941-0.37,1.423204965438939e-05,0.00656212240229125,ALCAM;TSPAN8;CEACAM5;AGR2;KIAA1199,
SCBC ASCL1+,mimicry (control),LINCS_L1000_Chem_Pert_up,33,LJP009 PC3 24H-ZM-447439-0.12,1.4411689024065703e-05,0.00656212240229125,TSPAN13;CEACAM5;AGR2;DNAJC12,
SCBC ASCL1+,mimicry (control),LINCS_L1000_Chem_Pert_up,34,LJP006 LNCAP 3H-QL-XII-47-10,1.6530103365724308e-05,0.007075487998346005,CLDN3;PRR15L;GDF15;BAMBI;ID2;TFF3,
SCBC ASCL1+,mimicry (control),LINCS_L1000_Chem_Pert_up,35,LJP006 SKBR3 24H-canertinib-0.37,1.6530103365724308e-05,0.007075487998346005,CLDN3;AMACR;KIAA1324;TFF3;AGR2;KIAA1199,
SCBC ASCL1+,mimicry (control),LINCS_L1000_Chem_Pert_up,36,LJP005 SKBR3 24H-PIK-93-10,1.695178809666286e-05,0.007075487998346005,TSPAN13;GDF15;SCNN1A;AGR2;DNAJC12;ITPR3;KIAA1199;NUCB2,
SCBC ASCL1+,mimicry (control),LINCS_L1000_Chem_Pert_up,37,LJP005 SKBR3 24H-torin-2-3.33,1.8526046775541318e-05,0.007523577806737402,GDF15;SCNN1A;ICA1;AGR2;DNAJC12;ITPR3;KIAA1199;NUCB2,
SCBC ASCL1+,mimicry (control),LINCS_L1000_Chem_Pert_up,38,LJP005 SKBR3 24H-torin-2-0.12,1.9874242211305225e-05,0.007858693775449272,TTC9;TNNT1;GDF15;CEACAM5;SCNN1A;AGR2;KIAA1199,
SCBC ASCL1+,mimicry (control),LINCS_L1000_Chem_Pert_up,39,LJP007 MCF7 24H-sutent-10,2.0974391939880707e-05,0.008081056750990962,ALCAM;GDF15;SCNN1A;AGR2;SPINT2;FRY;HOXB6,
SCBC ASCL1+,mimicry (control),LINCS_L1000_Chem_Pert_up,40,LJP005 MDAMB231 24H-CP466722-10,2.3615745613223734e-05,0.008871254839607495,TNNT1;GDF15;TBC1D8;AGR2;SPINT2;FRY,
SCBC ASCL1+,mimicry (control),LINCS_L1000_Chem_Pert_up,41,LJP009 HA1E 24H-KIN236-10,2.4525313186429342e-05,0.008988228193641154,CALCA;TSPAN13;TFF3;DNAJC12,
SCBC ASCL1+,mimicry (control),LINCS_L1000_Chem_Pert_up,42,LJP005 A549 24H-dasatinib-1.11,2.5289335037036303e-05,0.009047560673012083,TSPAN8;CEACAM5;PERP;SCNN1A;AGR2;DNAJC12,
SCBC ASCL1+,mimicry (control),LINCS_L1000_Chem_Pert_up,43,LJP006 MCF7 24H-nintedanib-0.37,2.6470934057457393e-05,0.009239984146958917,TSPAN8;SYT1;KRT15;DNAJC12;NUCB2,
SCBC ASCL1+,mimicry (control),LINCS_L1000_Chem_Pert_up,44,LJP006 SKBR3 24H-PI-103-0.37,2.705705460310078e-05,0.009239984146958917,GDF15;CEACAM5;SCNN1A;KIAA1324;AGR2;DNAJC12,
SCBC ASCL1+,mimicry (control),LINCS_L1000_Chem_Pert_up,45,LJP005 SKBR3 24H-torin-2-0.37,2.8682776088727345e-05,0.009577497633538157,SYT1;TNNT1;GDF15;DNAJC12;ITPR3;KIAA1199;NUCB2,
SCBC ASCL1+,mimicry (control),LINCS_L1000_Chem_Pert_up,46,LJP006 HCC515 24H-torin-1-0.12,3.1982282994140274e-05,0.009971524931749716,ALCAM;PTPRN2;SYT1;SCNN1A;SPINT2,
SCBC ASCL1+,mimicry (control),LINCS_L1000_Chem_Pert_up,47,LJP006 HA1E 24H-radicicol-1.11,3.2964547252431466e-05,0.009971524931749716,PTPRN2;TSPAN13;TBC1D8;DNAJC12;SPINT2;ASCL1,
SCBC ASCL1+,mimicry (control),LINCS_L1000_Chem_Pert_up,48,LJP006 HS578T 3H-PF-562271-10,3.2964547252431466e-05,0.009971524931749716,ALCAM;TSPAN13;TNNT1;SCNN1A;ICA1;SPINT2,
SCBC ASCL1+,mimicry (control),LINCS_L1000_Chem_Pert_up,49,LJP006 SKBR3 24H-GSK-1059615-3.33,3.333284028371687e-05,0.009971524931749716,ALCAM;SYT1;TNNT1;GDF15;KIAA1324;AGR2;DNAJC12,
SCBC ASCL1+,mimicry (control),LINCS_L1000_Chem_Pert_up,50,LJP006 MCF10A 3H-alvocidib-1.11,3.505158183824705e-05,0.009971524931749716,NPDC1;TSPAN13;SYT1;AGR2;DNAJC12,
SCBC ASCL1+,mimicry (control),LINCS_L1000_Chem_Pert_up,51,LJP006 PC3 24H-PI-103-0.12,3.514885193563004e-05,0.009971524931749716,PTPRN2;PERP;AGR2;NR2F1;DNAJC12;SPINT2,
SCBC ASCL1+,mimicry (control),LINCS_L1000_Chem_Pert_up,52,LJP008 MCF7 24H-AZ20-10,3.676423640310218e-05,0.009971524931749716,GDF15;CEACAM5;SCNN1A;TBC1D8;AGR2;HOXB7;HOXB6,
SCBC ASCL1+,mimicry (control),LINCS_L1000_Chem_Pert_up,53,LJP008 A549 24H-ABT-737-10,3.722676623873943e-05,0.009971524931749716,SCNN1A;AGR2;NUCB2,
SCBC ASCL1+,mimicry (control),LINCS_L1000_Chem_Pert_up,54,LJP005 PC3 24H-CYT387-10,3.7447833216177534e-05,0.009971524931749716,CALCA;ALCAM;TSPAN8;NKX2-1;AGR2;ASCL1,
SCBC ASCL1+,mimicry (control),LINCS_L1000_Chem_Pert_up,55,LJP006 HA1E 24H-geldanamycin-0.37,3.7447833216177534e-05,0.009971524931749716,PTPRN2;SCNN1A;TBC1D8;AGR2;SPINT2;FRY,
SCBC ASCL1+,mimicry (control),LINCS_L1000_Chem_Pert_up,56,LJP008 HEPG2 24H-rocilinostat-10,3.858573019627876e-05,0.009971524931749716,CLDN3;TSPAN13;SYT1;BAMBI;ID2;DNAJC12;ASCL1,
SCBC ASCL1+,mimicry (control),LINCS_L1000_Chem_Pert_up,57,LJP009 HCC515 24H-chelerythrine chloride-0.04,3.906384841022771e-05,0.009971524931749716,ALCAM;PTPRN2;TFF3;ASCL1,
SCBC ASCL1+,mimicry (control),LINCS_L1000_Chem_Pert_up,58,LJP005 HS578T 3H-HG-5-113-01-10,3.906384841022771e-05,0.009971524931749716,CEACAM5;ID2;DNAJC12;ASCL1,
SCBC ASCL1+,mimicry (control),LINCS_L1000_Chem_Pert_up,59,LJP006 SKBR3 24H-PI-103-1.11,3.986591156388345e-05,0.009971524931749716,ALCAM;SYT1;KIAA1324;AGR2;DNAJC12;KIAA1199,
SCBC ASCL1+,mimicry (control),LINCS_L1000_Chem_Pert_up,60,LJP005 SKBR3 24H-GDC-0980-1.11,4.048070150650424e-05,0.009971524931749716,TNNT1;GDF15;CEACAM5;KIAA1324;AGR2;DNAJC12;KIAA1199,
SCBC NEUROD1+,reversal,LINCS_L1000_Chem_Pert_down,1,CPC013 ASC 24H-BRD-K11663430-10.0,3.123742232540663e-05,0.08416857655900015,FAM155B;EDA;PRX,
SCBC NEUROD1+,reversal,LINCS_L1000_Chem_Pert_down,2,CPC014 VCAP 24H-bl-095-10.0,3.298141714694363e-05,0.08416857655900015,FAM155B;ACTR5;PRX;PTPN21,
SCBC NEUROD1+,reversal,LINCS_L1000_Chem_Pert_down,3,CPC002 HA1E 6H-ha-1004-10.0,0.00012492821606665156,0.1705581264913967,FAM155B;MAP7D3;PTPN21,
SCBC NEUROD1+,reversal,LINCS_L1000_Chem_Pert_down,4,CPC013 VCAP 24H-s1174-10.0,0.0001988401004667768,0.1705581264913967,FAM155B;ACTR5;PRX,
SCBC NEUROD1+,reversal,LINCS_L1000_Chem_Pert_down,5,CPC005 VCAP 24H-lomatin-10.0,0.00025761600687002403,0.1705581264913967,FAM155B;PTPN21,
SCBC NEUROD1+,reversal,LINCS_L1000_Chem_Pert_down,6,CPC006 EFO27 6H-tg101348-11.1,0.0002964872570289822,0.1705581264913967,FAM155B;BIN1;ACTR5,
SCBC NEUROD1+,reversal,LINCS_L1000_Chem_Pert_down,7,CPC016 ASC 24H-pp 1-10.0,0.0003384449276305524,0.1705581264913967,FAM155B;EDA;PTPN21,
SCBC NEUROD1+,reversal,LINCS_L1000_Chem_Pert_down,8,CPC012 PC3 6H-BRD-K56196992-10.0,0.0004487323925980029,0.1705581264913967,ACTR5;PRX,
SCBC NEUROD1+,reversal,LINCS_L1000_Chem_Pert_down,9,CPC014 A549 6H-BRD-K69852452-10.0,0.00048675237961089157,0.1705581264913967,FAM155B;BIN1;ACTR5,
SCBC NEUROD1+,reversal,LINCS_L1000_Chem_Pert_down,10,CPC015 A549 24H-paroxetine hydrochloride-10.0,0.0005007043838450327,0.1705581264913967,FAM155B;BIN1;PTPN21,
SCBC NEUROD1+,reversal,LINCS_L1000_Chem_Pert_down,11,CPC006 HCC15 6H-trichostatin a-10.0,0.0005898232953942797,0.1705581264913967,FAM155B;BIN1;ACTR5,
SCBC NEUROD1+,reversal,LINCS_L1000_Chem_Pert_down,12,CPC006 NCIH2073 6H-wortmannin-10.0,0.0006885071123852637,0.1705581264913967,FAM155B;EDA;PRX,
SCBC NEUROD1+,reversal,LINCS_L1000_Chem_Pert_down,13,CPC014 VCAP 24H-BRD-K83972459-10.0,0.0007971561739033456,0.1705581264913967,EDA;BIN1;ACTR5,
SCBC NEUROD1+,reversal,LINCS_L1000_Chem_Pert_down,14,CPC007 HA1E 6H-trichostatin a-10.0,0.0008553395536436244,0.1705581264913967,FAM155B;BIN1;ACTR5,
SCBC NEUROD1+,reversal,LINCS_L1000_Chem_Pert_down,15,CPC014 VCAP 24H-hts 10859-10.0,0.0009161590489382271,0.1705581264913967,EDA;BIN1;ACTR5,
SCBC NEUROD1+,reversal,LINCS_L1000_Chem_Pert_down,16,CPC006 A549 24H-BRD-K45399554-10.0,0.0009217562235923957,0.1705581264913967,FAM155B;PTPN21,
SCBC NEUROD1+,reversal,LINCS_L1000_Chem_Pert_down,17,CPC014 VCAP 24H-p5172-10.0,0.000958193010549833,0.1705581264913967,FAM155B;ACTR5;PTPN21,
SCBC NEUROD1+,reversal,LINCS_L1000_Chem_Pert_down,18,CPC002 HA1E 6H-thm-i-94-10.0,0.00097966142379343,0.1705581264913967,FAM155B;MAP7D3;BIN1,
SCBC NEUROD1+,reversal,LINCS_L1000_Chem_Pert_down,19,CPC003 HCC515 24H-reserpine-10.0,0.0009844083630700538,0.1705581264913967,ACTR5;PTPN21,
SCBC NEUROD1+,reversal,LINCS_L1000_Chem_Pert_down,20,CPC003 HA1E 24H-lasalocid sodium salt-10.0,0.001068584120754181,0.1705581264913967,BIN1;ACTR5;PTPN21,
SCBC NEUROD1+,reversal,LINCS_L1000_Chem_Pert_down,21,CPC007 PC3 24H-ncgc00183236-01-10.0,0.0011156998625027744,0.1705581264913967,FAM155B;BIN1,
SCBC NEUROD1+,reversal,LINCS_L1000_Chem_Pert_down,22,CPC004 PC3 24H-trichostatin a-10.0,0.0011385244228054245,0.1705581264913967,FAM155B;BIN1;ACTR5,
SCBC NEUROD1+,reversal,LINCS_L1000_Chem_Pert_down,23,CPC014 HA1E 6H-BRD-K09186807-10.0,0.0012549361838792316,0.1705581264913967,FAM155B;BIN1,
SCBC NEUROD1+,reversal,LINCS_L1000_Chem_Pert_down,24,"CPC005 A549 6H-tamoxifen, 4-hydroxy-, (z)--10.0",0.0012549361838792316,0.1705581264913967,PRX;PTPN21,
SCBC NEUROD1+,reversal,LINCS_L1000_Chem_Pert_down,25,CPC008 VCAP 24H-ncgc00165188-01-10.0,0.0012549361838792316,0.1705581264913967,FAM155B;ACTR5,
SCBC NEUROD1+,reversal,LINCS_L1000_Chem_Pert_down,26,CPC007 A549 24H-BRD-A76641868-10.0,0.0013275193945400411,0.1705581264913967,FAM155B;PRX,
SCBC NEUROD1+,reversal,LINCS_L1000_Chem_Pert_down,27,CPC005 A549 24H-prozac-10.0,0.0013275193945400411,0.1705581264913967,FAM155B;PTPN21,
SCBC NEUROD1+,reversal,LINCS_L1000_Chem_Pert_down,28,CPC006 A549 6H-hdac6 inhibitor isox-10.0,0.0013390037639866017,0.1705581264913967,EDA;BIN1;ACTR5,
SCBC NEUROD1+,reversal,LINCS_L1000_Chem_Pert_down,29,CPC013 MCF7 6H-vorinostat-10.0,0.0013655214674009365,0.1705581264913967,FAM155B;EDA;ACTR5,
SCBC NEUROD1+,reversal,LINCS_L1000_Chem_Pert_down,30,CPC006 HA1E 24H-rottlerin ncgc00025228-11-9.68,0.0014748997877770493,0.1705581264913967,FAM155B;ACTR5;PTPN21,
SCBC NEUROD1+,reversal,LINCS_L1000_Chem_Pert_down,31,CPC004 HA1E 6H-ns-1619-10.0,0.0014785875016258675,0.1705581264913967,FAM155B;PTPN21,
SCBC NEUROD1+,reversal,LINCS_L1000_Chem_Pert_down,32,CPC004 HA1E 6H-quipazine dimaleate salt-10.0,0.0014785875016258675,0.1705581264913967,FAM155B;EDA,
SCBC NEUROD1+,reversal,LINCS_L1000_Chem_Pert_down,33,CPC019 HT29 6H-BRD-K58479490-10.0,0.0014999697593334861,0.1705581264913967,PTPN21,
SCBC NEUROD1+,reversal,LINCS_L1000_Chem_Pert_down,34,CPC005 HA1E 24H-rhodomyrtoxin b-10.0,0.0015030789431656722,0.1705581264913967,FAM155B;ACTR5;PTPN21,
SCBC NEUROD1+,reversal,LINCS_L1000_Chem_Pert_down,35,CPC006 HT29 6H-vorinostat-10.0,0.0015315949786927254,0.1705581264913967,EDA;BIN1;ACTR5,
SCBC NEUROD1+,reversal,LINCS_L1000_Chem_Pert_down,36,LJP006 HME1 3H-MK-2206-3.33,0.0015570610672793503,0.1705581264913967,POPDC3;EPB41L3,
SCBC NEUROD1+,reversal,LINCS_L1000_Chem_Pert_down,37,CPC014 VCAP 24H-ei-232-10.0,0.0016191794360833108,0.1705581264913967,EDA;BIN1;ACTR5,
SCBC NEUROD1+,reversal,LINCS_L1000_Chem_Pert_down,38,CPC001 HA1E 24H-leflunomide-10.0,0.0016374867723787483,0.1705581264913967,EDA;PTPN21,
SCBC NEUROD1+,reversal,LINCS_L1000_Chem_Pert_down,39,CPC006 HCC15 6H-tyrphostin ag 1478-56.78,0.0017198589811284121,0.1705581264913967,FAM155B;BIN1,
SCBC NEUROD1+,reversal,LINCS_L1000_Chem_Pert_down,40,CPC006 PC3 24H-vorinostat-11.1,0.0017407657636910694,0.1705581264913967,FAM155B;BIN1;ACTR5,
SCBC NEUROD1+,reversal,LINCS_L1000_Chem_Pert_down,41,CPC001 HA1E 6H-rs 17053 hydrochloride-10.0,0.001804172067957183,0.1705581264913967,FAM155B;BIN1,
SCBC NEUROD1+,reversal,LINCS_L1000_Chem_Pert_down,42,CPC005 HA1E 24H-atpa-10.0,0.001804172067957183,0.1705581264913967,FAM155B;EDA,
SCBC NEUROD1+,reversal,LINCS_L1000_Chem_Pert_down,43,CPC004 HA1E 24H-niclosamide-10.0,0.0018356121123893683,0.1705581264913967,FAM155B;BIN1;PTPN21,
SCBC NEUROD1+,reversal,LINCS_L1000_Chem_Pert_down,44,CPC012 MCF7 24H-BRD-K31851742-10.0,0.0018356121123893683,0.1705581264913967,FAM155B;EDA;ACTR5,
SCBC NEUROD1+,reversal,LINCS_L1000_Chem_Pert_down,45,CPC014 PC3 24H-ei-232-10.0,0.0018679317590660574,0.1705581264913967,EDA;BIN1;ACTR5,
SCBC NEUROD1+,reversal,LINCS_L1000_Chem_Pert_down,46,CPC019 MCF7 6H-BRD-A94377914-10.0,0.0018679317590660574,0.1705581264913967,EDA;BIN1;ACTR5,
SCBC NEUROD1+,reversal,LINCS_L1000_Chem_Pert_down,47,CPC010 MCF7 24H-BRD-K57457519-10.0,0.0018904204196260454,0.1705581264913967,FAM155B;PTPN21,
SCBC NEUROD1+,reversal,LINCS_L1000_Chem_Pert_down,48,CPC002 HA1E 6H-vorinostat-10.0,0.0019336358929995464,0.1705581264913967,FAM155B;BIN1;ACTR5,
SCBC NEUROD1+,reversal,LINCS_L1000_Chem_Pert_down,49,CPC012 PC3 24H-s1030-10.0,0.001967023200378681,0.1705581264913967,FAM155B;BIN1;ACTR5,
SCBC NEUROD1+,reversal,LINCS_L1000_Chem_Pert_down,50,CPC017 A549 6H-fccp-10.0,0.001978598434185653,0.1705581264913967,FAM155B;ACTR5,
SCBC NEUROD1+,reversal,LINCS_L1000_Chem_Pert_down,51,CPC014 A549 24H-BRD-U25771771-10.0,0.0020007692016749336,0.1705581264913967,FAM155B;BIN1;PTPN21,
SCBC NEUROD1+,reversal,LINCS_L1000_Chem_Pert_down,52,CPC015 MCF7 24H-cgk 733-10.0,0.0020007692016749336,0.1705581264913967,FAM155B;ACTR5;PTPN21,
SCBC NEUROD1+,reversal,LINCS_L1000_Chem_Pert_down,53,CPC002 VCAP 24H-d-64131-10.0,0.002068700520484921,0.1705581264913967,PRX;PTPN21,
SCBC NEUROD1+,reversal,LINCS_L1000_Chem_Pert_down,54,CPC019 HA1E 6H-BRD-K94127894-10.0,0.002068700520484921,0.1705581264913967,FAM155B;PRX,
SCBC NEUROD1+,reversal,LINCS_L1000_Chem_Pert_down,55,CPC013 MCF7 6H-BRD-K68202742 (trichostatin a)-10.0,0.0021041732361137045,0.1705581264913967,FAM155B;EDA;ACTR5,
SCBC NEUROD1+,reversal,LINCS_L1000_Chem_Pert_down,56,CPC006 A549 6H-vorinostat-11.1,0.0021393678401347206,0.1705581264913967,EDA;BIN1;ACTR5,
SCBC NEUROD1+,reversal,LINCS_L1000_Chem_Pert_down,57,CPC006 MCF7 6H-vorinostat-11.1,0.0021393678401347206,0.1705581264913967,FAM155B;EDA;ACTR5,
SCBC NEUROD1+,reversal,LINCS_L1000_Chem_Pert_down,58,CPC002 HCC515 24H-BRD-K56515112 (medrysone)-10.0,0.002160721100314693,0.1705581264913967,BIN1;PTPN21,
SCBC NEUROD1+,reversal,LINCS_L1000_Chem_Pert_down,59,CPC002 VCAP 6H-nobiletin-10.0,0.002160721100314693,0.1705581264913967,FAM155B;EDA,
SCBC NEUROD1+,reversal,LINCS_L1000_Chem_Pert_down,60,CPC006 A549 24H-tyrphostin ag 1478-56.78,0.0022471504603465177,0.1705581264913967,FAM155B;ACTR5;PTPN21,
SCBC NEUROD1+,mimicry (control),LINCS_L1000_Chem_Pert_up,1,CPC006 PC3 24H-zm 336372-102.71,7.173481881330252e-05,0.2131084608159825,FAM155B;EDA;PRX,
SCBC NEUROD1+,mimicry (control),LINCS_L1000_Chem_Pert_up,2,CPC018 A549 6H-quercetin-10.0,9.836790279746396e-05,0.2131084608159825,FAM155B;PRX;PTPN21,
SCBC NEUROD1+,mimicry (control),LINCS_L1000_Chem_Pert_up,3,"CPC001 HCC515 6H-ici-162,846-10.0",0.0001988401004667768,0.2131084608159825,FAM155B;ACTR5;PTPN21,
SCBC NEUROD1+,mimicry (control),LINCS_L1000_Chem_Pert_up,4,CPC003 HCC515 24H-BRD-K61496577 (flumethasone)-10.0,0.0005743168995676725,0.2131084608159825,EDA;MAP7D3;EPB41L3,
SCBC NEUROD1+,mimicry (control),LINCS_L1000_Chem_Pert_up,5,CPC006 NCIH596 6H-emetine dihydrochloride hydrate (74)-0.63,0.0005743168995676725,0.2131084608159825,FAM155B;MAP7D3;BIN1,
SCBC NEUROD1+,mimicry (control),LINCS_L1000_Chem_Pert_up,6,CPC006 SKM1 6H-bo2 (inhibits rad51)-40.0,0.0006216351196870161,0.2131084608159825,FAM155B;PRX;PTPN21,
SCBC NEUROD1+,mimicry (control),LINCS_L1000_Chem_Pert_up,7,CPD003 PC3 24H-verteporfin-10.0,0.0006216351196870161,0.2131084608159825,FAM155B;EDA;PTPN21,
SCBC NEUROD1+,mimicry (control),LINCS_L1000_Chem_Pert_up,8,CPC003 PC3 6H-strophantine octahydrate-10.0,0.0008753174929478949,0.2131084608159825,EDA;BIN1;EPB41L3,
SCBC NEUROD1+,mimicry (control),LINCS_L1000_Chem_Pert_up,9,CPC004 HCC515 24H-BRD-K47635719 (dexamethasone acetate)-10.0,0.0008955900807594031,0.2131084608159825,EDA;PRX;EPB41L3,
SCBC NEUROD1+,mimicry (control),LINCS_L1000_Chem_Pert_up,10,CPC006 PC3 24H-narciclasine-10.0,0.0009392502988179658,0.2131084608159825,FAM155B;EDA;BIN1;EPB41L3,
SCBC NEUROD1+,mimicry (control),LINCS_L1000_Chem_Pert_up,11,CPC017 HEPG2 6H-clozapine-10.0,0.0010490581524956052,0.2131084608159825,FAM155B;PTPN21,
SCBC NEUROD1+,mimicry (control),LINCS_L1000_Chem_Pert_up,12,CPC008 PC3 24H-ncgc00242335-01-10.0,0.0010490581524956052,0.2131084608159825,FAM155B;PTPN21,
SCBC NEUROD1+,mimicry (control),LINCS_L1000_Chem_Pert_up,13,CPC014 VCAP 24H-BRD-U74615290-10.0,0.0011156998625027744,0.2131084608159825,FAM155B;EDA,
SCBC NEUROD1+,mimicry (control),LINCS_L1000_Chem_Pert_up,14,CPC006 NCIH596 6H-mw-ras12-10.0,0.001162465384462142,0.2131084608159825,FAM155B;EDA;PRX,
SCBC NEUROD1+,mimicry (control),LINCS_L1000_Chem_Pert_up,15,CPC014 NPC 24H-BRD-K97764662-10.0,0.0012361936433520396,0.2131084608159825,FAM155B;PRX;PTPN21,
SCBC NEUROD1+,mimicry (control),LINCS_L1000_Chem_Pert_up,16,CPC015 A375 6H-hydroquinidine-10.0,0.0012549361838792316,0.2131084608159825,FAM155B;EDA,
SCBC NEUROD1+,mimicry (control),LINCS_L1000_Chem_Pert_up,17,CPC013 NPC 24H-hy-50877-10.0,0.0012549361838792316,0.2131084608159825,PRX;PTPN21,
SCBC NEUROD1+,mimicry (control),LINCS_L1000_Chem_Pert_up,18,CPC006 A673 6H-ski ii-40.0,0.0013128137028807422,0.2131084608159825,FAM155B;EDA;PRX,
SCBC NEUROD1+,mimicry (control),LINCS_L1000_Chem_Pert_up,19,CPC009 VCAP 24H-BRD-K18861610-10.0,0.0013275193945400411,0.2131084608159825,PRX;PTPN21,
SCBC NEUROD1+,mimicry (control),LINCS_L1000_Chem_Pert_up,20,CPC018 HT29 6H-rottlerin ncgc00025228-11-10.0,0.0014020717242409484,0.2131084608159825,FAM155B;EDA,
SCBC NEUROD1+,mimicry (control),LINCS_L1000_Chem_Pert_up,21,CPC012 MCF7 24H-12k-516s-10.0,0.0014020717242409484,0.2131084608159825,EDA;PRX,
SCBC NEUROD1+,mimicry (control),LINCS_L1000_Chem_Pert_up,22,CPC004 HCC515 6H-pifithrin- ?-10.0,0.0014785875016258675,0.2131084608159825,EDA;EPB41L3,
SCBC NEUROD1+,mimicry (control),LINCS_L1000_Chem_Pert_up,23,CPC004 PC3 6H-proscillaridin a-10.0,0.0014785875016258675,0.2131084608159825,FAM155B;EDA,
SCBC NEUROD1+,mimicry (control),LINCS_L1000_Chem_Pert_up,24,CPC006 VCAP 6H-BRD-K52075040-44.4,0.0015030789431656722,0.2131084608159825,EDA;BIN1;PRX,
SCBC NEUROD1+,mimicry (control),LINCS_L1000_Chem_Pert_up,25,CPC006 A673 6H-BRD-K81473043-0.35,0.0015030789431656722,0.2131084608159825,FAM155B;PRX;PTPN21,
SCBC NEUROD1+,mimicry (control),LINCS_L1000_Chem_Pert_up,26,CPC006 SNUC5 6H-perhexiline maleate-10.0,0.0015315949786927254,0.2131084608159825,EDA;PRX;PTPN21,
SCBC NEUROD1+,mimicry (control),LINCS_L1000_Chem_Pert_up,27,CPC014 PHH 24H-BRD-U64289953-10.0,0.0015570610672793503,0.2131084608159825,EDA;PTPN21,
SCBC NEUROD1+,mimicry (control),LINCS_L1000_Chem_Pert_up,28,CPC006 MCF7 6H-zm 336372-102.71,0.0015570610672793503,0.2131084608159825,FAM155B;EDA,
SCBC NEUROD1+,mimicry (control),LINCS_L1000_Chem_Pert_up,29,CPC014 A549 6H-hy-10159-10.0,0.0016191794360833108,0.2131084608159825,FAM155B;PRX;EPB41L3,
SCBC NEUROD1+,mimicry (control),LINCS_L1000_Chem_Pert_up,30,CPC016 ASC 24H-BRD-A75409952 (wortmannin)-10.0,0.0016374867723787483,0.2131084608159825,FAM155B;EDA,
SCBC NEUROD1+,mimicry (control),LINCS_L1000_Chem_Pert_up,31,CPC014 MCF7 24H-BRD-K68174511-10.0,0.001649058020438449,0.2131084608159825,EDA;PRX;PTPN21,
SCBC NEUROD1+,mimicry (control),LINCS_L1000_Chem_Pert_up,32,CPC007 PC3 6H-ncgc00188535-01-10.0,0.001679280957681793,0.2131084608159825,FAM155B;EDA;EPB41L3,
SCBC NEUROD1+,mimicry (control),LINCS_L1000_Chem_Pert_up,33,CPC006 PC3 24H-BRD-K04853698-10.0,0.001709849718117101,0.2131084608159825,FAM155B;EDA;EPB41L3,
SCBC NEUROD1+,mimicry (control),LINCS_L1000_Chem_Pert_up,34,CPC013 HT29 6H-hy-10181-10.0,0.0017198589811284121,0.2131084608159825,FAM155B;EDA,
SCBC NEUROD1+,mimicry (control),LINCS_L1000_Chem_Pert_up,35,CPC007 VCAP 6H-BRD-A58924247-10.0,0.0017407657636910694,0.2131084608159825,EDA;BIN1;PRX,
SCBC NEUROD1+,mimicry (control),LINCS_L1000_Chem_Pert_up,36,CPC012 A375 6H-11k-629s-10.0,0.0018904204196260454,0.2131084608159825,EDA;PTPN21,
SCBC NEUROD1+,mimicry (control),LINCS_L1000_Chem_Pert_up,37,CPC014 A375 6H-hy-50878-10.0,0.0018904204196260454,0.2131084608159825,EDA;EPB41L3,
SCBC NEUROD1+,mimicry (control),LINCS_L1000_Chem_Pert_up,38,CPC010 HT29 6H-k784-3188-10.0,0.0019336358929995464,0.2131084608159825,FAM155B;EDA;EPB41L3,
SCBC NEUROD1+,mimicry (control),LINCS_L1000_Chem_Pert_up,39,"CPC006 HT29 6H-l-690,488-10.0",0.001978598434185653,0.2131084608159825,EDA;PRX,
SCBC NEUROD1+,mimicry (control),LINCS_L1000_Chem_Pert_up,40,CPC001 PC3 6H-angiogenesis inhibitor-10.0,0.002068700520484921,0.2131084608159825,FAM155B;PRX,
SCBC NEUROD1+,mimicry (control),LINCS_L1000_Chem_Pert_up,41,CPC014 HT29 6H-hy-11004-10.0,0.002068700520484921,0.2131084608159825,FAM155B;EDA,
SCBC NEUROD1+,mimicry (control),LINCS_L1000_Chem_Pert_up,42,CPC007 A375 24H-BRD-K16472144-10.0,0.002068700520484921,0.2131084608159825,FAM155B;EDA,
SCBC NEUROD1+,mimicry (control),LINCS_L1000_Chem_Pert_up,43,CPC003 PC3 6H-jtc 801-10.0,0.0020693428408409677,0.2131084608159825,FAM155B;EDA;EPB41L3,
SCBC NEUROD1+,mimicry (control),LINCS_L1000_Chem_Pert_up,44,CPC019 HA1E 6H-BRD-K91677732-10.0,0.002160721100314693,0.2131084608159825,FAM155B;EDA,
SCBC NEUROD1+,mimicry (control),LINCS_L1000_Chem_Pert_up,45,CPC013 HEPG2 6H-BRD-K67010098-10.0,0.002160721100314693,0.2131084608159825,FAM155B;EDA,
SCBC NEUROD1+,mimicry (control),LINCS_L1000_Chem_Pert_up,46,CPC006 A673 6H-chr 2797-80.0,0.0021749280124979207,0.2131084608159825,FAM155B;EDA;PRX,
SCBC NEUROD1+,mimicry (control),LINCS_L1000_Chem_Pert_up,47,CPC013 MCF7 24H-BRD-K66359319-10.0,0.002254654605050414,0.2131084608159825,PRX;PTPN21,
SCBC NEUROD1+,mimicry (control),LINCS_L1000_Chem_Pert_up,48,CPC002 HCC515 24H-mometasone furoate-10.0,0.002350495478973478,0.2131084608159825,EDA;EPB41L3,
SCBC NEUROD1+,mimicry (control),LINCS_L1000_Chem_Pert_up,49,CPC004 A375 6H-cgp 57380-10.0,0.002350495478973478,0.2131084608159825,EDA;PTPN21,
SCBC NEUROD1+,mimicry (control),LINCS_L1000_Chem_Pert_up,50,CPC017 SKB 24H-mibefradil dihydrochloride-10.0,0.002350495478973478,0.2131084608159825,EDA;PRX,
SCBC NEUROD1+,mimicry (control),LINCS_L1000_Chem_Pert_up,51,CPC007 A375 6H-ncgc00188740-01-10.0,0.0024482381777960827,0.2131084608159825,FAM155B;EDA,
SCBC NEUROD1+,mimicry (control),LINCS_L1000_Chem_Pert_up,52,CPC009 A375 6H-BRD-K40373196-10.0,0.0024482381777960827,0.2131084608159825,EDA;EPB41L3,
SCBC NEUROD1+,mimicry (control),LINCS_L1000_Chem_Pert_up,53,CPC007 A549 6H-ncgc00183691-01-10.0,0.002547877166796628,0.2131084608159825,PRX;PTPN21,
SCBC NEUROD1+,mimicry (control),LINCS_L1000_Chem_Pert_up,54,CPC020 A375 6H-BRD-K50234570-10.0,0.002547877166796628,0.2131084608159825,EDA;PTPN21,
SCBC NEUROD1+,mimicry (control),LINCS_L1000_Chem_Pert_up,55,CPC011 MCF7 24H-tegaserod-10.0,0.002630648654235842,0.2131084608159825,FAM155B;EDA;EPB41L3,
SCBC NEUROD1+,mimicry (control),LINCS_L1000_Chem_Pert_up,56,CPC008 HCC515 6H-ncgc00182392-01-10.0,0.0027528219402575757,0.2131084608159825,EDA;BIN1,
SCBC NEUROD1+,mimicry (control),LINCS_L1000_Chem_Pert_up,57,CPC009 HEPG2 6H-vorinostat-10.0,0.0027528219402575757,0.2131084608159825,EDA;PTPN21,
SCBC NEUROD1+,mimicry (control),LINCS_L1000_Chem_Pert_up,58,CPC005 PC3 24H-bvt 948-10.0,0.0027530995421551083,0.2131084608159825,EDA;BIN1;PTPN21,
SCBC NEUROD1+,mimicry (control),LINCS_L1000_Chem_Pert_up,59,CPC014 PC3 6H-BRD-A77467113-10.0,0.0028581167144899784,0.2131084608159825,FAM155B;EDA,
SCBC NEUROD1+,mimicry (control),LINCS_L1000_Chem_Pert_up,60,CPC019 HEPG2 6H-BRD-K57309821-10.0,0.0028581167144899784,0.2131084608159825,FAM155B;PRX,
SCBC POU2F3+,reversal,LINCS_L1000_Chem_Pert_down,1,LJP005 SKBR3 3H-NVP-BEZ235-0.04,8.452167289925196e-05,0.14491664281288016,DENND2D;MAL;HOXC6,
SCBC POU2F3+,reversal,LINCS_L1000_Chem_Pert_down,2,CPC017 HT29 6H-jx 401-10.0,0.0001059962407944511,0.14491664281288016,ITGB4;LTBR;PBX1,
SCBC POU2F3+,reversal,LINCS_L1000_Chem_Pert_down,3,LJP009 HT29 24H-vorinostat-10,0.00011330464645260373,0.14491664281288016,DENND2D;C1ORF106;LAD1;MAL;PTGS1,
SCBC POU2F3+,reversal,LINCS_L1000_Chem_Pert_down,4,LJP008 MCF7 24H-I-BET151-1.11,0.00023299061376428514,0.18646315889558165,C1ORF106;ALDH3B2;C1S;MAL,
SCBC POU2F3+,reversal,LINCS_L1000_Chem_Pert_down,5,LJP006 SKBR3 24H-withaferin-a-3.33,0.0002429803999160564,0.18646315889558165,DENND2D;ALDH3B2;PBX1;PTGS1,
SCBC POU2F3+,reversal,LINCS_L1000_Chem_Pert_down,6,LJP006 BT20 24H-CGP-60474-0.04,0.00038818539239692234,0.237049559486331,LAD1;TFAP2C;MAL;HOXC6,
SCBC POU2F3+,reversal,LINCS_L1000_Chem_Pert_down,7,LJP005 SKBR3 24H-TG-101348-10,0.000432459451760312,0.237049559486331,DENND2D;LAD1;LY75;MAL,
SCBC POU2F3+,reversal,LINCS_L1000_Chem_Pert_down,8,LJP005 BT20 24H-LDN-193189-10,0.0007538852420525269,0.36158220921944323,C1ORF106;LAD1;LY75;PBX1,
SCBC POU2F3+,reversal,LINCS_L1000_Chem_Pert_down,9,LJP006 MCF7 24H-alvocidib-0.12,0.0014127246831094672,0.3999693461853088,TFAP2C;HOXC6,
SCBC POU2F3+,reversal,LINCS_L1000_Chem_Pert_down,10,LJP006 MCF10A 3H-linifanib-10,0.0014140999649540113,0.3999693461853088,C1ORF106;PLA2G4A;PTGS1,
SCBC POU2F3+,reversal,LINCS_L1000_Chem_Pert_down,11,CPC017 MCF7 6H-wr 216174-10.0,0.0017687514504928004,0.3999693461853088,ITGB4;PLA2G4A,
SCBC POU2F3+,reversal,LINCS_L1000_Chem_Pert_down,12,CPC012 VCAP 6H-1483-0018-10.0,0.002374172468896089,0.3999693461853088,ITGB4;AGRN,
SCBC POU2F3+,reversal,LINCS_L1000_Chem_Pert_down,13,LJP006 BT20 24H-A443654-10,0.00261235214373904,0.3999693461853088,PLA2G4A;MAL;PBX1,
SCBC POU2F3+,reversal,LINCS_L1000_Chem_Pert_down,14,LJP005 SKBR3 24H-withaferin-a-3.33,0.0027950958671545843,0.3999693461853088,ALDH3B2;PBX1;PTGS1,
SCBC POU2F3+,reversal,LINCS_L1000_Chem_Pert_down,15,CPC019 HT29 6H-BRD-K67870070-10.0,0.0028246421255210884,0.3999693461853088,ITGB4;AGRN,
SCBC POU2F3+,reversal,LINCS_L1000_Chem_Pert_down,16,CPC001 VCAP 24H-scoulerine-10.0,0.0030637473161426875,0.3999693461853088,ITGB4;AGRN,
SCBC POU2F3+,reversal,LINCS_L1000_Chem_Pert_down,17,LJP006 MCF7 3H-BMS-345541-10,0.003285882104379451,0.3999693461853088,TFAP2C;PBX1;HOXC6,
SCBC POU2F3+,reversal,LINCS_L1000_Chem_Pert_down,18,LJP006 BT20 24H-AT-7519-1.11,0.003826404083405585,0.3999693461853088,LAD1;TFAP2C;HOXC6,
SCBC POU2F3+,reversal,LINCS_L1000_Chem_Pert_down,19,LJP006 BT20 24H-PF-562271-10,0.003826404083405585,0.3999693461853088,TFAP2C;MAL;HOXC6,
SCBC POU2F3+,reversal,LINCS_L1000_Chem_Pert_down,20,LJP005 BT20 24H-PF-477736-10,0.0038358070126423786,0.3999693461853088,C1S;LY75,
SCBC POU2F3+,reversal,LINCS_L1000_Chem_Pert_down,21,LJP006 LNCAP 3H-saracatinib-10,0.004111205189486558,0.3999693461853088,C1ORF106;TFAP2C,
SCBC POU2F3+,reversal,LINCS_L1000_Chem_Pert_down,22,LJP006 MCF7 3H-JNK-9L-0.37,0.004111205189486558,0.3999693461853088,C1ORF106;TFAP2C,
SCBC POU2F3+,reversal,LINCS_L1000_Chem_Pert_down,23,LJP005 MCF7 3H-XMD16-144-0.37,0.004395525019554094,0.3999693461853088,ALDH3B2;C1S,
SCBC POU2F3+,reversal,LINCS_L1000_Chem_Pert_down,24,LJP009 PC3 24H-ponatinib-3.33,0.004395525019554094,0.3999693461853088,MAL;HOXC6,
SCBC POU2F3+,reversal,LINCS_L1000_Chem_Pert_down,25,LJP009 HT29 24H-PF-3758309-3.33,0.004418151436739624,0.3999693461853088,C1S;MAL;HOXC6,
SCBC POU2F3+,reversal,LINCS_L1000_Chem_Pert_down,26,LJP005 SKBR3 24H-LDN-193189-3.33,0.004542771267759219,0.3999693461853088,DENND2D;PBX1;PTGS1,
SCBC POU2F3+,reversal,LINCS_L1000_Chem_Pert_down,27,CPC013 A549 24H-c8273-10.0,0.004990689707727336,0.3999693461853088,ITGB4;AGRN,
SCBC POU2F3+,reversal,LINCS_L1000_Chem_Pert_down,28,LJP009 HA1E 24H-GDC-0879-3.33,0.005301415318264195,0.3999693461853088,C1ORF106;LRMP,
SCBC POU2F3+,reversal,LINCS_L1000_Chem_Pert_down,29,LJP006 BT20 24H-BI-2536-1.11,0.00561672134753945,0.3999693461853088,C1ORF106;TFAP2C;C1S,
SCBC POU2F3+,reversal,LINCS_L1000_Chem_Pert_down,30,LJP006 PC3 24H-BI-2536-10,0.00561672134753945,0.3999693461853088,DENND2D;C1S;HOXC6,
SCBC POU2F3+,reversal,LINCS_L1000_Chem_Pert_down,31,LJP008 MCF7 24H-Y-27632-10,0.00562082408690962,0.3999693461853088,C1ORF106;PTGS1,
SCBC POU2F3+,reversal,LINCS_L1000_Chem_Pert_down,32,LJP005 A549 24H-buparlisib-0.37,0.00562082408690962,0.3999693461853088,DENND2D;HOXC6,
SCBC POU2F3+,reversal,LINCS_L1000_Chem_Pert_down,33,LJP009 MCF7 24H-KIN001-055-1.11,0.00562082408690962,0.3999693461853088,MAL;PBX1,
SCBC POU2F3+,reversal,LINCS_L1000_Chem_Pert_down,34,LJP009 HA1E 24H-SB-203580-3.33,0.00562082408690962,0.3999693461853088,C1ORF106;PTGS1,
SCBC POU2F3+,reversal,LINCS_L1000_Chem_Pert_down,35,LJP007 MCF7 24H-XMD-885-3.33,0.006630561679194175,0.3999693461853088,ALDH3B2;MAL,
SCBC POU2F3+,reversal,LINCS_L1000_Chem_Pert_down,36,CPC012 PC3 6H-BRD-K01614657-10.0,0.006984116830723341,0.3999693461853088,ITGB4;AGRN,
SCBC POU2F3+,reversal,LINCS_L1000_Chem_Pert_down,37,LJP006 BT20 24H-BMS-387032-3.33,0.006992862274092687,0.3999693461853088,TFAP2C;PLA2G4A;HOXC6,
SCBC POU2F3+,reversal,LINCS_L1000_Chem_Pert_down,38,LJP006 LNCAP 3H-celastrol-0.12,0.007346063427891016,0.3999693461853088,TFAP2C;HOXC6,
SCBC POU2F3+,reversal,LINCS_L1000_Chem_Pert_down,39,LJP006 BT20 24H-radicicol-10,0.007663123516829513,0.3999693461853088,MAL;PBX1;PTGS1,
SCBC POU2F3+,reversal,LINCS_L1000_Chem_Pert_down,40,LJP006 SKBR3 24H-XMD-1150-10,0.007663123516829513,0.3999693461853088,DENND2D;C1S;MAL,
SCBC POU2F3+,reversal,LINCS_L1000_Chem_Pert_down,41,LJP005 A375 24H-PF-431396-3.33,0.007716343966064588,0.3999693461853088,DENND2D;MAL,
SCBC POU2F3+,reversal,LINCS_L1000_Chem_Pert_down,42,LJP005 SKBR3 24H-radicicol-10,0.00783641798051677,0.3999693461853088,DENND2D;PBX1;PTGS1,
SCBC POU2F3+,reversal,LINCS_L1000_Chem_Pert_down,43,LJP006 BT20 24H-alvocidib-0.37,0.008012018494398246,0.3999693461853088,TFAP2C;MAL;HOXC6,
SCBC POU2F3+,reversal,LINCS_L1000_Chem_Pert_down,44,LJP005 SKBR3 24H-dasatinib-0.37,0.008094901226925976,0.3999693461853088,C1ORF106;PTGS1,
SCBC POU2F3+,reversal,LINCS_L1000_Chem_Pert_down,45,LJP006 HCC515 24H-JNK-9L-3.33,0.008189932003149535,0.3999693461853088,TFAP2C;PBX1;HOXC6,
SCBC POU2F3+,reversal,LINCS_L1000_Chem_Pert_down,46,LJP005 SKBR3 3H-SU-11274-3.33,0.008481678262813926,0.3999693461853088,MAL;PBX1,
SCBC POU2F3+,reversal,LINCS_L1000_Chem_Pert_down,47,LJP006 MCF7 3H-JNK-9L-1.11,0.008481678262813926,0.3999693461853088,C1ORF106;TFAP2C,
SCBC POU2F3+,reversal,LINCS_L1000_Chem_Pert_down,48,LJP009 MCF7 24H-dasatinib-0.37,0.008481678262813926,0.3999693461853088,PTGS1;HOXC6,
SCBC POU2F3+,reversal,LINCS_L1000_Chem_Pert_down,49,CPD001 MCF7 6H-bambuterol hydrochloride-10.0,0.008876618402253058,0.3999693461853088,ITGB4;AGRN,
SCBC POU2F3+,reversal,LINCS_L1000_Chem_Pert_down,50,LJP007 MCF7 24H-motesanib-10,0.008876618402253058,0.3999693461853088,PTGS1;HOXC6,
SCBC POU2F3+,reversal,LINCS_L1000_Chem_Pert_down,51,LJP005 HA1E 24H-erlotinib-10,0.008876618402253058,0.3999693461853088,MAL;HOXC6,erlotinib
SCBC POU2F3+,reversal,LINCS_L1000_Chem_Pert_down,52,LJP005 PC3 24H-TWS-119-3.33,0.009279665252557814,0.3999693461853088,MAL;LRMP,
SCBC POU2F3+,reversal,LINCS_L1000_Chem_Pert_down,53,LJP006 BT20 24H-PHA-793887-10,0.009306356903507427,0.3999693461853088,TFAP2C;MAL;HOXC6,
SCBC POU2F3+,reversal,LINCS_L1000_Chem_Pert_down,54,CPC015 MCF7 6H-sertraline hydrochloride-10.0,0.009867755893827221,0.3999693461853088,ITGB4,
SCBC POU2F3+,reversal,LINCS_L1000_Chem_Pert_down,55,CPC019 VCAP 6H-BRD-K82524003-10.0,0.009867755893827221,0.3999693461853088,ITGB4,
SCBC POU2F3+,reversal,LINCS_L1000_Chem_Pert_down,56,CPC006 PC3 24H-itraconazole-10.0,0.009867755893827221,0.3999693461853088,AGRN,
SCBC POU2F3+,reversal,LINCS_L1000_Chem_Pert_down,57,LJP006 BT20 24H-CGP-60474-10,0.009896314183049777,0.3999693461853088,TFAP2C;MAL;HOXC6,
SCBC POU2F3+,reversal,LINCS_L1000_Chem_Pert_down,58,CPC006 VCAP 24H-importazole-60.0,0.010097708666153397,0.3999693461853088,APOBEC3C;ITGB4;AGRN,
SCBC POU2F3+,reversal,LINCS_L1000_Chem_Pert_down,59,LJP006 HS578T 3H-XMD-1150-10,0.010109854865250118,0.3999693461853088,TFAP2C;HOXC6,
SCBC POU2F3+,reversal,LINCS_L1000_Chem_Pert_down,60,LJP008 MCF7 24H-I-BET-3.33,0.010536886200083875,0.3999693461853088,MAL;HOXC6,
SCBC POU2F3+,mimicry (control),LINCS_L1000_Chem_Pert_up,1,LJP009 HCC515 24H-KIN001-127-3.33,0.0001307449285420355,0.4401971673973332,LY75;PLA2G4A;PBX1,
SCBC POU2F3+,mimicry (control),LINCS_L1000_Chem_Pert_up,2,LJP006 LNCAP 3H-BMS-387032-0.37,0.00020830082291535624,0.4401971673973332,DENND2D;ITGB4;PTGS1,
SCBC POU2F3+,mimicry (control),LINCS_L1000_Chem_Pert_up,3,LJP006 PC3 24H-AZD-7762-3.33,0.0002881297142583939,0.4401971673973332,DENND2D;MAL;PBX1,
SCBC POU2F3+,mimicry (control),LINCS_L1000_Chem_Pert_up,4,LJP005 A549 24H-dasatinib-0.12,0.0010268754287942015,0.4401971673973332,PLA2G4A;MAL;PBX1,
SCBC POU2F3+,mimicry (control),LINCS_L1000_Chem_Pert_up,5,LJP007 HT29 24H-everolimus-10,0.0011832825950597976,0.4401971673973332,LAD1;C1ORF106;ITGB4,
SCBC POU2F3+,mimicry (control),LINCS_L1000_Chem_Pert_up,6,CPC014 PC3 24H-BRD-A60245366-10.0,0.0012158954920140476,0.4401971673973332,ITGB4;LY75;LTBR;PBX1,
SCBC POU2F3+,mimicry (control),LINCS_L1000_Chem_Pert_up,7,CPC012 PC3 24H-BRD-K87909389-10.0,0.0014537057812271776,0.4401971673973332,MAP4K1;LY75;LTBR;PBX1,
SCBC POU2F3+,mimicry (control),LINCS_L1000_Chem_Pert_up,8,CPC006 HCC515 24H-niclosamide-10.0,0.001956199521718063,0.4401971673973332,DENND2D;AGRN;CORO2B,
SCBC POU2F3+,mimicry (control),LINCS_L1000_Chem_Pert_up,9,LJP005 SKBR3 3H-YM-201636-1.11,0.0021092423363523716,0.4401971673973332,SPIB;SIM2;HOXC6,
SCBC POU2F3+,mimicry (control),LINCS_L1000_Chem_Pert_up,10,LJP005 MDAMB231 3H-trametinib-10,0.002374172468896089,0.4401971673973332,PBX1;PTGS1,
SCBC POU2F3+,mimicry (control),LINCS_L1000_Chem_Pert_up,11,LJP005 MCF10A 24H-SB590885-10,0.00261235214373904,0.4401971673973332,DENND2D;C1S;HOXC6,
SCBC POU2F3+,mimicry (control),LINCS_L1000_Chem_Pert_up,12,LJP006 PC3 24H-nintedanib-1.11,0.0028246421255210884,0.4401971673973332,PBX1;HOXC6,
SCBC POU2F3+,mimicry (control),LINCS_L1000_Chem_Pert_up,13,CPC003 HA1E 24H-finasteride-10.0,0.0029855420932308812,0.4401971673973332,KIAA1107;ITGB4;LY75,
SCBC POU2F3+,mimicry (control),LINCS_L1000_Chem_Pert_up,14,LJP005 HA1E 24H-buparlisib-3.33,0.003183795642106336,0.4401971673973332,DENND2D;ITGB4;PTGS1,
SCBC POU2F3+,mimicry (control),LINCS_L1000_Chem_Pert_up,15,LJP005 PC3 24H-TGX-221-1.11,0.003569390835226733,0.4401971673973332,TFAP2C;HOXC6,
SCBC POU2F3+,mimicry (control),LINCS_L1000_Chem_Pert_up,16,LJP005 HS578T 3H-CYT387-0.37,0.0038358070126423786,0.4401971673973332,LY75;PBX1,
SCBC POU2F3+,mimicry (control),LINCS_L1000_Chem_Pert_up,17,LJP007 HEPG2 24H-PD-0325901-0.04,0.004056876290720975,0.4401971673973332,CCDC69;LY75;LRMP,
SCBC POU2F3+,mimicry (control),LINCS_L1000_Chem_Pert_up,18,LJP006 MCF10A 24H-PD-0325901-10,0.004295636153672883,0.4401971673973332,C1S;ITGB4;PTGS1,
SCBC POU2F3+,mimicry (control),LINCS_L1000_Chem_Pert_up,19,LJP006 MCF10A 24H-ZSTK-474-1.11,0.004418151436739624,0.4401971673973332,C1ORF106;C1S;ITGB4,
SCBC POU2F3+,mimicry (control),LINCS_L1000_Chem_Pert_up,20,CPC006 THP1 6H-sid 26681509-88.8,0.004542771267759219,0.4401971673973332,DENND2D;AVIL;AGRN,
SCBC POU2F3+,mimicry (control),LINCS_L1000_Chem_Pert_up,21,LJP006 MCF10A 24H-WZ-4-145-1.11,0.004542771267759219,0.4401971673973332,C1ORF106;ITGB4;PTGS1,
SCBC POU2F3+,mimicry (control),LINCS_L1000_Chem_Pert_up,22,LJP005 MCF10A 3H-pelitinib-0.04,0.004688706448142651,0.4401971673973332,C1S;HOXC6,
SCBC POU2F3+,mimicry (control),LINCS_L1000_Chem_Pert_up,23,LJP006 SKBR3 3H-JNK-9L-1.11,0.004688706448142651,0.4401971673973332,PTGS1;HOXC6,
SCBC POU2F3+,mimicry (control),LINCS_L1000_Chem_Pert_up,24,LJP006 MDAMB231 24H-BMS-345541-10,0.004798366497014401,0.4401971673973332,RNF43;C1S;PTGS1,
SCBC POU2F3+,mimicry (control),LINCS_L1000_Chem_Pert_up,25,LJP006 HA1E 24H-QL-XII-47-0.37,0.004990689707727336,0.4401971673973332,PBX1;HOXC6,
SCBC POU2F3+,mimicry (control),LINCS_L1000_Chem_Pert_up,26,CPC009 A375 6H-sb 205607-10.0,0.004990689707727336,0.4401971673973332,ITGB4;AGRN,
SCBC POU2F3+,mimicry (control),LINCS_L1000_Chem_Pert_up,27,CPC014 HCC515 6H-p8624-10.0,0.005062504012397023,0.4401971673973332,JPH3;ITGB4;AGRN,
SCBC POU2F3+,mimicry (control),LINCS_L1000_Chem_Pert_up,28,LJP006 MCF10A 24H-gefitinib-0.12,0.005197801079391988,0.4401971673973332,DENND2D;ITGB4;MAL,
SCBC POU2F3+,mimicry (control),LINCS_L1000_Chem_Pert_up,29,LJP005 MCF7 24H-PD-0325901-1.11,0.005301415318264195,0.4401971673973332,PBX1;HOXC6,
SCBC POU2F3+,mimicry (control),LINCS_L1000_Chem_Pert_up,30,LJP007 HA1E 24H-KIN001-244-3.33,0.005301415318264195,0.4401971673973332,MAL;HOXC6,
SCBC POU2F3+,mimicry (control),LINCS_L1000_Chem_Pert_up,31,CPC009 PC3 24H-BRD-K79222491-10.0,0.005384390804130747,0.4401971673973332,MAP4K1;ITGB4;LY75;PBX1,
SCBC POU2F3+,mimicry (control),LINCS_L1000_Chem_Pert_up,32,CPC006 NCIH2073 6H-vorinostat-11.1,0.005760735693758265,0.4401971673973332,ITGB4;AGRN;PBX1,
SCBC POU2F3+,mimicry (control),LINCS_L1000_Chem_Pert_up,33,LJP005 HEPG2 24H-barasertib-0.37,0.005948857106487369,0.4401971673973332,MAL;PBX1,
SCBC POU2F3+,mimicry (control),LINCS_L1000_Chem_Pert_up,34,LJP005 MDAMB231 3H-PD-0325901-10,0.005948857106487369,0.4401971673973332,C1S;PBX1,
SCBC POU2F3+,mimicry (control),LINCS_L1000_Chem_Pert_up,35,LJP009 HCC515 24H-MLN-8054-1.11,0.005948857106487369,0.4401971673973332,TFAP2C;LY75,
SCBC POU2F3+,mimicry (control),LINCS_L1000_Chem_Pert_up,36,LJP005 PC3 24H-NVP-BEZ235-0.12,0.00620602821554043,0.4401971673973332,DENND2D;ITGB4;LY75,
SCBC POU2F3+,mimicry (control),LINCS_L1000_Chem_Pert_up,37,LJP006 MDAMB231 3H-AZD-5438-0.12,0.006285455750878577,0.4401971673973332,MAL;PTGS1,
SCBC POU2F3+,mimicry (control),LINCS_L1000_Chem_Pert_up,38,LJP005 MCF10A 24H-PD-184352-0.04,0.006358904671993322,0.4401971673973332,C1S;LY75;HOXC6,
SCBC POU2F3+,mimicry (control),LINCS_L1000_Chem_Pert_up,39,CPC009 HA1E 6H-vorinostat-10.0,0.006358904671993322,0.4401971673973332,DENND2D;ITGB4;AGRN,
SCBC POU2F3+,mimicry (control),LINCS_L1000_Chem_Pert_up,40,CPC014 A549 24H-s1053-10.0,0.0065140181093645754,0.4401971673973332,ITGB4;AGRN;PBX1,
SCBC POU2F3+,mimicry (control),LINCS_L1000_Chem_Pert_up,41,LJP006 MDAMB231 3H-selumetinib-3.33,0.006630561679194175,0.4401971673973332,PBX1;HOXC6,
SCBC POU2F3+,mimicry (control),LINCS_L1000_Chem_Pert_up,42,LJP009 HT29 24H-KIN001-260;-10,0.006630561679194175,0.4401971673973332,FAM49A;PBX1,
SCBC POU2F3+,mimicry (control),LINCS_L1000_Chem_Pert_up,43,LJP008 MCF7 24H-GSK-J4-0.04,0.006984116830723341,0.4401971673973332,MAL;HOXC6,
SCBC POU2F3+,mimicry (control),LINCS_L1000_Chem_Pert_up,44,CPC009 A375 6H-BRD-K34711351-10.0,0.006984116830723341,0.4401971673973332,ITGB4;AGRN,
SCBC POU2F3+,mimicry (control),LINCS_L1000_Chem_Pert_up,45,LJP009 PC3 24H-ALW-II-38-3-3.33,0.006984116830723341,0.4401971673973332,LY75;MAL,
SCBC POU2F3+,mimicry (control),LINCS_L1000_Chem_Pert_up,46,LJP006 MDAMB231 3H-celastrol-1.11,0.007346063427891016,0.4401971673973332,MAL;PBX1,
SCBC POU2F3+,mimicry (control),LINCS_L1000_Chem_Pert_up,47,LJP005 HCC515 24H-PIK-93-3.33,0.007716343966064588,0.4401971673973332,LRMP;HOXC6,
SCBC POU2F3+,mimicry (control),LINCS_L1000_Chem_Pert_up,48,LJP005 MCF10A 3H-erlotinib-0.12,0.007716343966064588,0.4401971673973332,C1S;HOXC6,erlotinib
SCBC POU2F3+,mimicry (control),LINCS_L1000_Chem_Pert_up,49,LJP007 HA1E 24H-HG-9-91-01-10,0.008012018494398246,0.4401971673973332,C1S;PBX1;PTGS1,
SCBC POU2F3+,mimicry (control),LINCS_L1000_Chem_Pert_up,50,LJP005 HCC515 24H-PHA-665752-0.04,0.008094901226925976,0.4401971673973332,LY75;MAL,
SCBC POU2F3+,mimicry (control),LINCS_L1000_Chem_Pert_up,51,LJP006 HS578T 3H-PHA-793887-0.37,0.008094901226925976,0.4401971673973332,DENND2D;MAL,
SCBC POU2F3+,mimicry (control),LINCS_L1000_Chem_Pert_up,52,LJP005 HT29 24H-TGX-221-0.37,0.008370165305966367,0.4401971673973332,C1ORF106;LY75;PBX1,
SCBC POU2F3+,mimicry (control),LINCS_L1000_Chem_Pert_up,53,CPC014 HCC515 6H-s1205-10.0,0.008481678262813926,0.4401971673973332,ITGB4;AGRN,
SCBC POU2F3+,mimicry (control),LINCS_L1000_Chem_Pert_up,54,LJP005 MCF7 24H-AZD-8330-10,0.008481678262813926,0.4401971673973332,PBX1;HOXC6,
SCBC POU2F3+,mimicry (control),LINCS_L1000_Chem_Pert_up,55,CPC005 A549 6H-sb 206553 hydrochloride-10.0,0.008481678262813926,0.4401971673973332,DENND2D;AGRN,
SCBC POU2F3+,mimicry (control),LINCS_L1000_Chem_Pert_up,56,LJP006 LNCAP 3H-GDC-0941-3.33,0.008481678262813926,0.4401971673973332,C1S;HOXC6,
SCBC POU2F3+,mimicry (control),LINCS_L1000_Chem_Pert_up,57,LJP009 HCC515 24H-ON-01910-10,0.008481678262813926,0.4401971673973332,LY75;PLA2G4A,
SCBC POU2F3+,mimicry (control),LINCS_L1000_Chem_Pert_up,58,LJP006 MCF10A 24H-canertinib-0.37,0.008737617787712154,0.4401971673973332,C1S;ITGB4;PTGS1,
SCBC POU2F3+,mimicry (control),LINCS_L1000_Chem_Pert_up,59,LJP008 A375 24H-GSK-461364-3.33,0.008876618402253058,0.4401971673973332,C1S;LRMP,
SCBC POU2F3+,mimicry (control),LINCS_L1000_Chem_Pert_up,60,CPC004 A375 6H-sirolimus-10.0,0.008876618402253058,0.4401971673973332,AGRN;CORO2B,
